CREATE DATABASE  IF NOT EXISTS `inmobiliaria` /*!40100 DEFAULT CHARACTER SET utf8mb4 COLLATE utf8mb4_0900_ai_ci */ /*!80016 DEFAULT ENCRYPTION='N' */;
USE `inmobiliaria`;
-- MySQL dump 10.13  Distrib 8.0.42, for Win64 (x86_64)
--
-- Host: localhost    Database: inmobiliaria
-- ------------------------------------------------------
-- Server version	8.0.42

/*!40101 SET @OLD_CHARACTER_SET_CLIENT=@@CHARACTER_SET_CLIENT */;
/*!40101 SET @OLD_CHARACTER_SET_RESULTS=@@CHARACTER_SET_RESULTS */;
/*!40101 SET @OLD_COLLATION_CONNECTION=@@COLLATION_CONNECTION */;
/*!50503 SET NAMES utf8 */;
/*!40103 SET @OLD_TIME_ZONE=@@TIME_ZONE */;
/*!40103 SET TIME_ZONE='+00:00' */;
/*!40014 SET @OLD_UNIQUE_CHECKS=@@UNIQUE_CHECKS, UNIQUE_CHECKS=0 */;
/*!40014 SET @OLD_FOREIGN_KEY_CHECKS=@@FOREIGN_KEY_CHECKS, FOREIGN_KEY_CHECKS=0 */;
/*!40101 SET @OLD_SQL_MODE=@@SQL_MODE, SQL_MODE='NO_AUTO_VALUE_ON_ZERO' */;
/*!40111 SET @OLD_SQL_NOTES=@@SQL_NOTES, SQL_NOTES=0 */;

--
-- Table structure for table `alquileres`
--

DROP TABLE IF EXISTS `alquileres`;
/*!40101 SET @saved_cs_client     = @@character_set_client */;
/*!50503 SET character_set_client = utf8mb4 */;
CREATE TABLE `alquileres` (
  `id_alquiler` int NOT NULL AUTO_INCREMENT,
  `id_depto` int NOT NULL,
  `id_inquilino` int NOT NULL,
  `fecha_inicio` date NOT NULL,
  `fecha_fin` date NOT NULL,
  `monto_diario` decimal(10,2) NOT NULL,
  `gastos_mantenimiento` decimal(10,2) DEFAULT '0.00',
  PRIMARY KEY (`id_alquiler`),
  KEY `id_depto` (`id_depto`),
  KEY `id_inquilino` (`id_inquilino`),
  CONSTRAINT `alquileres_ibfk_1` FOREIGN KEY (`id_depto`) REFERENCES `departamentos` (`id_depto`),
  CONSTRAINT `alquileres_ibfk_2` FOREIGN KEY (`id_inquilino`) REFERENCES `inquilinos_generales` (`id_inquilino`)
) ENGINE=InnoDB AUTO_INCREMENT=27 DEFAULT CHARSET=utf8mb4 COLLATE=utf8mb4_0900_ai_ci;
/*!40101 SET character_set_client = @saved_cs_client */;

--
-- Dumping data for table `alquileres`
--

LOCK TABLES `alquileres` WRITE;
/*!40000 ALTER TABLE `alquileres` DISABLE KEYS */;
INSERT INTO `alquileres` VALUES (1,101,1,'2025-01-01','2025-03-31',1500.00,200.00),(2,102,2,'2025-02-15','2025-05-15',1600.00,150.00),(3,103,3,'2025-03-01','2025-06-01',1400.00,180.00),(4,104,4,'2025-01-10','2025-04-10',1550.00,170.00),(5,105,5,'2025-02-20','2025-05-20',1500.00,160.00),(6,106,6,'2025-03-05','2025-06-05',1450.00,190.00),(7,107,7,'2025-01-15','2025-04-15',1520.00,200.00),(8,108,8,'2025-02-25','2025-05-25',1580.00,210.00),(9,109,9,'2025-03-10','2025-06-10',1480.00,170.00),(10,110,10,'2025-01-20','2025-04-20',1490.00,180.00),(11,111,11,'2025-02-28','2025-05-28',1510.00,160.00),(12,112,12,'2025-03-15','2025-06-15',1540.00,150.00),(13,113,13,'2025-01-05','2025-04-05',1460.00,200.00),(14,114,14,'2025-02-18','2025-05-18',1470.00,190.00),(15,115,15,'2025-03-22','2025-06-22',1530.00,180.00),(16,116,16,'2025-01-12','2025-04-12',1500.00,170.00),(17,117,17,'2025-02-10','2025-05-10',1520.00,160.00),(18,118,18,'2025-03-18','2025-06-18',1550.00,150.00),(19,119,19,'2025-01-25','2025-04-25',1490.00,200.00),(20,120,20,'2025-02-22','2025-05-22',1480.00,190.00),(21,57,21,'2025-03-12','2025-06-12',1470.00,180.00),(22,58,22,'2025-01-30','2025-04-30',1460.00,170.00),(23,59,23,'2025-02-05','2025-05-05',1510.00,160.00),(24,60,24,'2025-03-25','2025-06-25',1530.00,150.00),(25,61,25,'2025-01-08','2025-04-08',1500.00,140.00),(26,15,6,'2025-04-01','2025-06-01',1400.00,0.00);
/*!40000 ALTER TABLE `alquileres` ENABLE KEYS */;
UNLOCK TABLES;
/*!50003 SET @saved_cs_client      = @@character_set_client */ ;
/*!50003 SET @saved_cs_results     = @@character_set_results */ ;
/*!50003 SET @saved_col_connection = @@collation_connection */ ;
/*!50003 SET character_set_client  = utf8mb4 */ ;
/*!50003 SET character_set_results = utf8mb4 */ ;
/*!50003 SET collation_connection  = utf8mb4_0900_ai_ci */ ;
/*!50003 SET @saved_sql_mode       = @@sql_mode */ ;
/*!50003 SET sql_mode              = 'ONLY_FULL_GROUP_BY,STRICT_TRANS_TABLES,NO_ZERO_IN_DATE,NO_ZERO_DATE,ERROR_FOR_DIVISION_BY_ZERO,NO_ENGINE_SUBSTITUTION' */ ;
DELIMITER ;;
/*!50003 CREATE*/ /*!50017 DEFINER=`root`@`localhost`*/ /*!50003 TRIGGER `trg_validar_fecha_alquiler` BEFORE INSERT ON `alquileres` FOR EACH ROW BEGIN
    IF EXISTS (
        SELECT 1 
        FROM alquileres
        WHERE id_depto = NEW.id_depto
          AND (NEW.fecha_inicio BETWEEN fecha_inicio AND fecha_fin
               OR NEW.fecha_fin BETWEEN fecha_inicio AND fecha_fin)
    ) THEN
        SIGNAL SQLSTATE '45000'
        SET MESSAGE_TEXT = 'Error: El departamento ya tiene un alquiler en ese rango de fechas';
    END IF;
END */;;
DELIMITER ;
/*!50003 SET sql_mode              = @saved_sql_mode */ ;
/*!50003 SET character_set_client  = @saved_cs_client */ ;
/*!50003 SET character_set_results = @saved_cs_results */ ;
/*!50003 SET collation_connection  = @saved_col_connection */ ;

--
-- Table structure for table `contratos`
--

DROP TABLE IF EXISTS `contratos`;
/*!40101 SET @saved_cs_client     = @@character_set_client */;
/*!50503 SET character_set_client = utf8mb4 */;
CREATE TABLE `contratos` (
  `id_contrato` int NOT NULL AUTO_INCREMENT,
  `id_inquilino` int NOT NULL,
  `id_depto` int NOT NULL,
  `fecha_inicio` date NOT NULL,
  `fecha_fin` date NOT NULL,
  `clausulas` text,
  PRIMARY KEY (`id_contrato`),
  KEY `id_inquilino` (`id_inquilino`),
  KEY `id_depto` (`id_depto`),
  CONSTRAINT `contratos_ibfk_1` FOREIGN KEY (`id_inquilino`) REFERENCES `inquilinos_generales` (`id_inquilino`),
  CONSTRAINT `contratos_ibfk_2` FOREIGN KEY (`id_depto`) REFERENCES `departamentos` (`id_depto`)
) ENGINE=InnoDB AUTO_INCREMENT=7 DEFAULT CHARSET=utf8mb4 COLLATE=utf8mb4_0900_ai_ci;
/*!40101 SET character_set_client = @saved_cs_client */;

--
-- Dumping data for table `contratos`
--

LOCK TABLES `contratos` WRITE;
/*!40000 ALTER TABLE `contratos` DISABLE KEYS */;
INSERT INTO `contratos` VALUES (1,1,10,'2025-01-01','2026-01-01','El inquilino debe pagar expensas ordinarias, no extraordinarias.'),(2,2,15,'2025-02-01','2026-02-01','Se prohíbe subalquiler, fecha de pago el día 5 de cada mes.'),(3,3,20,'2025-03-01','2026-03-01','El inquilino cubre servicios básicos, la garantía es de 2 meses.'),(4,5,65,'2025-01-15','2025-04-15','Incluye mobiliario y servicios básicos, no se permiten mascotas.'),(5,7,72,'2025-02-01','2025-05-01','Contrato turístico, Se debe abonar el total por adelantado.'),(6,9,80,'2025-03-01','2025-06-01','Estadía temporal, incluye limpieza semanal.');
/*!40000 ALTER TABLE `contratos` ENABLE KEYS */;
UNLOCK TABLES;

--
-- Table structure for table `departamentos`
--

DROP TABLE IF EXISTS `departamentos`;
/*!40101 SET @saved_cs_client     = @@character_set_client */;
/*!50503 SET character_set_client = utf8mb4 */;
CREATE TABLE `departamentos` (
  `id_depto` int NOT NULL AUTO_INCREMENT,
  `id_propietario` int NOT NULL,
  `id_edificio` int NOT NULL,
  `piso` int NOT NULL,
  `numero` varchar(10) NOT NULL,
  `dimension_m` decimal(5,2) NOT NULL,
  PRIMARY KEY (`id_depto`),
  KEY `id_propietario` (`id_propietario`),
  KEY `id_edificio` (`id_edificio`),
  CONSTRAINT `departamentos_ibfk_1` FOREIGN KEY (`id_propietario`) REFERENCES `propietarios` (`id_propietario`),
  CONSTRAINT `departamentos_ibfk_2` FOREIGN KEY (`id_edificio`) REFERENCES `edificios` (`id_edificio`)
) ENGINE=InnoDB AUTO_INCREMENT=121 DEFAULT CHARSET=utf8mb4 COLLATE=utf8mb4_0900_ai_ci;
/*!40101 SET character_set_client = @saved_cs_client */;

--
-- Dumping data for table `departamentos`
--

LOCK TABLES `departamentos` WRITE;
/*!40000 ALTER TABLE `departamentos` DISABLE KEYS */;
INSERT INTO `departamentos` VALUES (1,1,1,1,'1A',70.00),(2,1,1,1,'1B',62.00),(3,2,1,2,'2A',70.00),(4,2,1,2,'2B',62.00),(5,3,1,3,'3A',70.00),(6,3,1,3,'3B',62.00),(7,4,1,4,'4A',70.00),(8,4,1,4,'4B',62.00),(9,5,1,5,'5A',70.00),(10,5,1,5,'5B',62.00),(11,6,1,6,'6A',60.00),(12,6,1,6,'6B',60.00),(13,7,1,7,'7A',60.00),(14,7,1,7,'7B',60.00),(15,8,1,8,'8A',60.00),(16,8,1,8,'8B',60.00),(17,9,1,9,'9A',60.00),(18,9,1,9,'9B',60.00),(19,10,1,10,'10A',60.00),(20,10,1,10,'10B',60.00),(21,16,2,1,'1A',75.00),(22,17,2,1,'1B',70.00),(23,18,2,1,'1C',70.00),(24,19,2,2,'2A',75.00),(25,20,2,2,'2B',70.00),(26,21,2,2,'2C',70.00),(27,22,2,3,'3A',75.00),(28,23,2,3,'3B',70.00),(29,24,2,3,'3C',70.00),(30,25,2,4,'4A',75.00),(31,26,2,4,'4B',70.00),(32,27,2,4,'4C',70.00),(33,28,2,5,'5A',75.00),(34,29,2,5,'5B',70.00),(35,30,2,5,'5C',70.00),(36,31,2,6,'6A',65.00),(37,32,2,6,'6B',65.00),(38,33,2,6,'6C',60.00),(39,34,2,7,'7A',65.00),(40,35,2,7,'7B',65.00),(41,36,2,7,'7C',60.00),(42,37,2,8,'8A',65.00),(43,38,2,8,'8B',65.00),(44,39,2,8,'8C',60.00),(45,40,2,9,'9A',65.00),(46,41,2,9,'9B',65.00),(47,42,2,9,'9C',60.00),(48,43,2,10,'10A',55.00),(49,44,2,10,'10B',55.00),(50,45,2,10,'10C',55.00),(51,46,2,11,'11A',55.00),(52,47,2,11,'11B',55.00),(53,48,2,11,'11C',55.00),(54,49,2,12,'12A',55.00),(55,50,2,12,'12B',55.00),(56,51,2,12,'12C',55.00),(57,1,3,1,'1A',80.00),(58,2,3,1,'1B',78.00),(59,3,3,1,'1C',75.00),(60,4,3,1,'1D',75.00),(61,5,3,2,'2A',80.00),(62,6,3,2,'2B',78.00),(63,7,3,2,'2C',75.00),(64,8,3,2,'2D',75.00),(65,9,3,3,'3A',80.00),(66,10,3,3,'3B',78.00),(67,11,3,3,'3C',75.00),(68,12,3,3,'3D',75.00),(69,13,3,4,'4A',80.00),(70,14,3,4,'4B',78.00),(71,15,3,4,'4C',75.00),(72,16,3,4,'4D',75.00),(73,17,3,5,'5A',80.00),(74,18,3,5,'5B',78.00),(75,19,3,5,'5C',75.00),(76,20,3,5,'5D',75.00),(77,21,3,6,'6A',70.00),(78,22,3,6,'6B',70.00),(79,23,3,6,'6C',65.00),(80,24,3,6,'6D',65.00),(81,25,3,7,'7A',70.00),(82,26,3,7,'7B',70.00),(83,27,3,7,'7C',65.00),(84,28,3,7,'7D',65.00),(85,29,3,8,'8A',70.00),(86,30,3,8,'8B',70.00),(87,31,3,8,'8C',65.00),(88,32,3,8,'8D',65.00),(89,33,3,9,'9A',70.00),(90,34,3,9,'9B',70.00),(91,35,3,9,'9C',65.00),(92,36,3,9,'9D',65.00),(93,37,3,10,'10A',70.00),(94,38,3,10,'10B',70.00),(95,39,3,10,'10C',65.00),(96,40,3,10,'10D',65.00),(97,41,3,11,'11A',60.00),(98,42,3,11,'11B',60.00),(99,43,3,11,'11C',55.00),(100,44,3,11,'11D',55.00),(101,45,3,12,'12A',60.00),(102,46,3,12,'12B',60.00),(103,47,3,12,'12C',55.00),(104,48,3,12,'12D',55.00),(105,49,3,13,'13A',60.00),(106,50,3,13,'13B',60.00),(107,51,3,13,'13C',55.00),(108,52,3,13,'13D',55.00),(109,53,3,14,'14A',60.00),(110,54,3,14,'14B',60.00),(111,55,3,14,'14C',55.00),(112,56,3,14,'14D',55.00),(113,57,3,15,'15A',60.00),(114,58,3,15,'15B',60.00),(115,59,3,15,'15C',55.00),(116,60,3,15,'15D',55.00),(117,61,3,16,'16A',60.00),(118,62,3,16,'16B',60.00),(119,63,3,16,'16C',55.00),(120,64,3,16,'16D',55.00);
/*!40000 ALTER TABLE `departamentos` ENABLE KEYS */;
UNLOCK TABLES;

--
-- Table structure for table `edificios`
--

DROP TABLE IF EXISTS `edificios`;
/*!40101 SET @saved_cs_client     = @@character_set_client */;
/*!50503 SET character_set_client = utf8mb4 */;
CREATE TABLE `edificios` (
  `id_edificio` int NOT NULL AUTO_INCREMENT,
  `nombre` varchar(100) NOT NULL,
  `direccion` varchar(150) NOT NULL,
  `ciudad` varchar(100) NOT NULL,
  `fecha_construccion` date DEFAULT NULL,
  PRIMARY KEY (`id_edificio`)
) ENGINE=InnoDB AUTO_INCREMENT=4 DEFAULT CHARSET=utf8mb4 COLLATE=utf8mb4_0900_ai_ci;
/*!40101 SET character_set_client = @saved_cs_client */;

--
-- Dumping data for table `edificios`
--

LOCK TABLES `edificios` WRITE;
/*!40000 ALTER TABLE `edificios` DISABLE KEYS */;
INSERT INTO `edificios` VALUES (1,'Pilar','Av. Mitre 123','Paraná','2005-05-10'),(2,'Deco','Bv. Oroño 456','Rosario','2010-09-15'),(3,'Tempo','Av. Libertador 789','Buenos Aires','2018-03-22');
/*!40000 ALTER TABLE `edificios` ENABLE KEYS */;
UNLOCK TABLES;

--
-- Table structure for table `expensas`
--

DROP TABLE IF EXISTS `expensas`;
/*!40101 SET @saved_cs_client     = @@character_set_client */;
/*!50503 SET character_set_client = utf8mb4 */;
CREATE TABLE `expensas` (
  `id_expensa` int NOT NULL AUTO_INCREMENT,
  `id_depto` int NOT NULL,
  `mes` int NOT NULL,
  `anio` int NOT NULL,
  `monto` decimal(10,2) NOT NULL,
  `monto_extra` decimal(10,2) DEFAULT '0.00',
  `deuda` decimal(10,2) DEFAULT '0.00',
  `fecha_pago` date DEFAULT NULL,
  `pagado` tinyint(1) DEFAULT '0',
  PRIMARY KEY (`id_expensa`),
  KEY `id_depto` (`id_depto`),
  CONSTRAINT `expensas_ibfk_1` FOREIGN KEY (`id_depto`) REFERENCES `departamentos` (`id_depto`)
) ENGINE=InnoDB AUTO_INCREMENT=723 DEFAULT CHARSET=utf8mb4 COLLATE=utf8mb4_0900_ai_ci;
/*!40101 SET character_set_client = @saved_cs_client */;

--
-- Dumping data for table `expensas`
--

LOCK TABLES `expensas` WRITE;
/*!40000 ALTER TABLE `expensas` DISABLE KEYS */;
INSERT INTO `expensas` VALUES (1,1,1,2025,3575.00,620.50,4195.50,'2025-01-05',1),(2,1,2,2025,3450.00,0.00,0.00,'2025-02-10',1),(3,1,3,2025,3550.00,200.00,0.00,'2025-03-03',1),(4,1,4,2025,3600.00,0.00,50.00,NULL,0),(5,1,5,2025,3500.00,0.00,0.00,'2025-05-15',1),(6,1,6,2025,3550.00,0.00,0.00,'2025-06-08',1),(7,2,1,2025,3100.00,0.00,0.00,'2025-01-12',1),(8,2,2,2025,3200.00,100.00,0.00,'2025-02-06',1),(9,2,3,2025,3150.00,0.00,200.00,NULL,0),(10,2,4,2025,3120.00,0.00,0.00,'2025-04-20',1),(11,2,5,2025,3100.00,50.00,0.00,'2025-05-18',1),(12,2,6,2025,3200.00,0.00,0.00,'2025-06-03',1),(13,3,1,2025,3550.00,0.00,0.00,'2025-01-09',1),(14,3,2,2025,3600.00,250.00,0.00,'2025-02-15',1),(15,3,3,2025,3580.00,0.00,0.00,'2025-03-12',1),(16,3,4,2025,3550.00,0.00,0.00,'2025-04-09',1),(17,3,5,2025,3500.00,0.00,400.00,NULL,0),(18,3,6,2025,3600.00,0.00,0.00,'2025-06-06',1),(19,4,1,2025,3100.00,120.00,0.00,'2025-01-07',1),(20,4,2,2025,3150.00,0.00,0.00,'2025-02-11',1),(21,4,3,2025,3120.00,0.00,100.00,NULL,0),(22,4,4,2025,3150.00,0.00,0.00,'2025-04-20',1),(23,4,5,2025,3200.00,0.00,0.00,'2025-05-15',1),(24,4,6,2025,3100.00,0.00,0.00,'2025-06-01',1),(25,5,1,2025,3550.00,0.00,0.00,'2025-01-06',1),(26,5,2,2025,3500.00,0.00,0.00,'2025-02-10',1),(27,5,3,2025,3550.00,150.00,0.00,'2025-03-05',1),(28,5,4,2025,3600.00,0.00,50.00,NULL,0),(29,5,5,2025,3500.00,0.00,0.00,'2025-05-17',1),(30,5,6,2025,3600.00,0.00,0.00,'2025-06-07',1),(31,6,1,2025,3100.00,100.00,0.00,'2025-01-11',1),(32,6,2,2025,3200.00,0.00,0.00,'2025-02-08',1),(33,6,3,2025,3150.00,0.00,0.00,'2025-03-12',1),(34,6,4,2025,3100.00,0.00,0.00,'2025-04-14',1),(35,6,5,2025,3200.00,0.00,0.00,'2025-05-16',1),(36,6,6,2025,3150.00,0.00,0.00,'2025-06-09',1),(37,7,1,2025,3050.00,0.00,0.00,'2025-01-07',1),(38,7,2,2025,3100.00,50.00,0.00,'2025-02-05',1),(39,7,3,2025,3100.00,0.00,200.00,NULL,0),(40,7,4,2025,3150.00,0.00,0.00,'2025-04-19',1),(41,7,5,2025,3100.00,0.00,0.00,'2025-05-12',1),(42,7,6,2025,3100.00,0.00,0.00,'2025-06-06',1),(43,8,1,2025,3200.00,100.00,0.00,'2025-01-08',1),(44,8,2,2025,3150.00,0.00,0.00,'2025-02-07',1),(45,8,3,2025,3100.00,0.00,0.00,'2025-03-08',1),(46,8,4,2025,3100.00,0.00,150.00,NULL,0),(47,8,5,2025,3200.00,0.00,0.00,'2025-05-19',1),(48,8,6,2025,3150.00,0.00,0.00,'2025-06-05',1),(49,9,1,2025,3050.00,0.00,0.00,'2025-01-10',1),(50,9,2,2025,3100.00,0.00,0.00,'2025-02-09',1),(51,9,3,2025,3150.00,0.00,0.00,'2025-03-15',1),(52,9,4,2025,3100.00,0.00,0.00,'2025-04-13',1),(53,9,5,2025,3150.00,0.00,0.00,'2025-05-14',1),(54,9,6,2025,3100.00,0.00,0.00,'2025-06-11',1),(55,10,1,2025,3100.00,0.00,0.00,'2025-01-09',1),(56,10,2,2025,3200.00,0.00,0.00,'2025-02-08',1),(57,10,3,2025,3150.00,0.00,0.00,'2025-03-10',1),(58,10,4,2025,3100.00,0.00,0.00,'2025-04-12',1),(59,10,5,2025,3200.00,0.00,0.00,'2025-05-10',1),(60,10,6,2025,3150.00,0.00,0.00,'2025-06-07',1),(61,11,1,2025,3050.00,0.00,0.00,'2025-01-05',1),(62,11,2,2025,3100.00,100.00,0.00,'2025-02-07',1),(63,11,3,2025,3150.00,0.00,50.00,NULL,0),(64,11,4,2025,3100.00,0.00,0.00,'2025-04-12',1),(65,11,5,2025,3050.00,0.00,0.00,'2025-05-11',1),(66,11,6,2025,3100.00,0.00,0.00,'2025-06-06',1),(67,12,1,2025,3200.00,150.00,0.00,'2025-01-09',1),(68,12,2,2025,3150.00,0.00,0.00,'2025-02-10',1),(69,12,3,2025,3100.00,0.00,0.00,'2025-03-08',1),(70,12,4,2025,3200.00,0.00,100.00,NULL,0),(71,12,5,2025,3150.00,0.00,0.00,'2025-05-13',1),(72,12,6,2025,3100.00,0.00,0.00,'2025-06-07',1),(73,13,1,2025,3050.00,0.00,0.00,'2025-01-11',1),(74,13,2,2025,3100.00,50.00,0.00,'2025-02-14',1),(75,13,3,2025,3150.00,0.00,0.00,'2025-03-12',1),(76,13,4,2025,3100.00,0.00,0.00,'2025-04-10',1),(77,13,5,2025,3050.00,0.00,0.00,'2025-05-11',1),(78,13,6,2025,3100.00,0.00,0.00,'2025-06-09',1),(79,14,1,2025,3200.00,100.00,0.00,'2025-01-08',1),(80,14,2,2025,3150.00,0.00,0.00,'2025-02-07',1),(81,14,3,2025,3100.00,0.00,0.00,'2025-03-06',1),(82,14,4,2025,3200.00,0.00,150.00,NULL,0),(83,14,5,2025,3150.00,0.00,0.00,'2025-05-12',1),(84,14,6,2025,3100.00,0.00,0.00,'2025-06-05',1),(85,15,1,2025,3050.00,0.00,0.00,'2025-01-10',1),(86,15,2,2025,3100.00,0.00,0.00,'2025-02-09',1),(87,15,3,2025,3150.00,0.00,0.00,'2025-03-08',1),(88,15,4,2025,3100.00,0.00,0.00,'2025-04-11',1),(89,15,5,2025,3050.00,0.00,0.00,'2025-05-14',1),(90,15,6,2025,3100.00,0.00,0.00,'2025-06-07',1),(91,16,1,2025,3200.00,200.00,0.00,'2025-01-06',1),(92,16,2,2025,3150.00,0.00,0.00,'2025-02-08',1),(93,16,3,2025,3100.00,0.00,0.00,'2025-03-09',1),(94,16,4,2025,3200.00,0.00,0.00,'2025-04-12',1),(95,16,5,2025,3150.00,0.00,0.00,'2025-05-13',1),(96,16,6,2025,3100.00,0.00,0.00,'2025-06-11',1),(97,17,1,2025,3050.00,0.00,100.00,NULL,0),(98,17,2,2025,3100.00,0.00,0.00,'2025-02-07',1),(99,17,3,2025,3150.00,0.00,0.00,'2025-03-10',1),(100,17,4,2025,3100.00,0.00,0.00,'2025-04-14',1),(101,17,5,2025,3050.00,0.00,0.00,'2025-05-15',1),(102,17,6,2025,3100.00,0.00,0.00,'2025-06-10',1),(103,18,1,2025,3200.00,0.00,0.00,'2025-01-09',1),(104,18,2,2025,3150.00,0.00,0.00,'2025-02-11',1),(105,18,3,2025,3100.00,0.00,0.00,'2025-03-12',1),(106,18,4,2025,3200.00,0.00,50.00,NULL,0),(107,18,5,2025,3150.00,0.00,0.00,'2025-05-14',1),(108,18,6,2025,3100.00,0.00,0.00,'2025-06-09',1),(109,19,1,2025,3050.00,0.00,0.00,'2025-01-06',1),(110,19,2,2025,3100.00,0.00,0.00,'2025-02-09',1),(111,19,3,2025,3150.00,100.00,0.00,'2025-03-13',1),(112,19,4,2025,3100.00,0.00,0.00,'2025-04-10',1),(113,19,5,2025,3050.00,0.00,0.00,'2025-05-11',1),(114,19,6,2025,3100.00,0.00,0.00,'2025-06-07',1),(115,20,1,2025,3200.00,0.00,0.00,'2025-01-10',1),(116,20,2,2025,3150.00,0.00,0.00,'2025-02-12',1),(117,20,3,2025,3100.00,0.00,0.00,'2025-03-11',1),(118,20,4,2025,3200.00,0.00,0.00,'2025-04-15',1),(119,20,5,2025,3150.00,0.00,0.00,'2025-05-13',1),(120,20,6,2025,3100.00,0.00,0.00,'2025-06-10',1),(121,21,1,2025,3600.00,100.00,0.00,'2025-01-07',1),(122,21,2,2025,3550.00,0.00,0.00,'2025-02-10',1),(123,21,3,2025,3650.00,250.00,0.00,'2025-03-11',1),(124,21,4,2025,3600.00,0.00,100.00,NULL,0),(125,21,5,2025,3550.00,0.00,0.00,'2025-05-12',1),(126,21,6,2025,3600.00,0.00,0.00,'2025-06-08',1),(127,22,1,2025,3500.00,0.00,0.00,'2025-01-09',1),(128,22,2,2025,3600.00,100.00,0.00,'2025-02-07',1),(129,22,3,2025,3550.00,0.00,0.00,'2025-03-09',1),(130,22,4,2025,3500.00,0.00,0.00,'2025-04-11',1),(131,22,5,2025,3600.00,0.00,0.00,'2025-05-15',1),(132,22,6,2025,3550.00,0.00,0.00,'2025-06-09',1),(133,23,1,2025,3700.00,200.00,0.00,'2025-01-05',1),(134,23,2,2025,3650.00,0.00,0.00,'2025-02-13',1),(135,23,3,2025,3600.00,0.00,150.00,NULL,0),(136,23,4,2025,3700.00,0.00,0.00,'2025-04-14',1),(137,23,5,2025,3650.00,0.00,0.00,'2025-05-16',1),(138,23,6,2025,3600.00,0.00,0.00,'2025-06-12',1),(139,24,1,2025,3550.00,0.00,0.00,'2025-01-10',1),(140,24,2,2025,3600.00,50.00,0.00,'2025-02-09',1),(141,24,3,2025,3550.00,0.00,0.00,'2025-03-11',1),(142,24,4,2025,3600.00,0.00,200.00,NULL,0),(143,24,5,2025,3550.00,0.00,0.00,'2025-05-14',1),(144,24,6,2025,3600.00,0.00,0.00,'2025-06-10',1),(145,25,1,2025,3650.00,0.00,0.00,'2025-01-06',1),(146,25,2,2025,3600.00,0.00,0.00,'2025-02-08',1),(147,25,3,2025,3650.00,0.00,0.00,'2025-03-13',1),(148,25,4,2025,3600.00,0.00,0.00,'2025-04-09',1),(149,25,5,2025,3650.00,0.00,0.00,'2025-05-15',1),(150,25,6,2025,3600.00,0.00,0.00,'2025-06-06',1),(151,26,1,2025,3500.00,0.00,0.00,'2025-01-11',1),(152,26,2,2025,3550.00,0.00,0.00,'2025-02-07',1),(153,26,3,2025,3500.00,0.00,100.00,NULL,0),(154,26,4,2025,3550.00,0.00,0.00,'2025-04-10',1),(155,26,5,2025,3500.00,0.00,0.00,'2025-05-13',1),(156,26,6,2025,3550.00,0.00,0.00,'2025-06-08',1),(157,27,1,2025,3600.00,150.00,0.00,'2025-01-08',1),(158,27,2,2025,3550.00,0.00,0.00,'2025-02-09',1),(159,27,3,2025,3600.00,0.00,0.00,'2025-03-11',1),(160,27,4,2025,3550.00,0.00,0.00,'2025-04-14',1),(161,27,5,2025,3600.00,0.00,0.00,'2025-05-15',1),(162,27,6,2025,3550.00,0.00,0.00,'2025-06-09',1),(163,28,1,2025,3500.00,0.00,0.00,'2025-01-06',1),(164,28,2,2025,3550.00,0.00,0.00,'2025-02-08',1),(165,28,3,2025,3500.00,0.00,0.00,'2025-03-10',1),(166,28,4,2025,3550.00,0.00,150.00,NULL,0),(167,28,5,2025,3500.00,0.00,0.00,'2025-05-12',1),(168,28,6,2025,3550.00,0.00,0.00,'2025-06-10',1),(169,29,1,2025,3650.00,0.00,0.00,'2025-01-09',1),(170,29,2,2025,3600.00,0.00,0.00,'2025-02-11',1),(171,29,3,2025,3650.00,0.00,0.00,'2025-03-12',1),(172,29,4,2025,3600.00,0.00,0.00,'2025-04-14',1),(173,29,5,2025,3650.00,0.00,0.00,'2025-05-15',1),(174,29,6,2025,3600.00,0.00,0.00,'2025-06-09',1),(175,30,1,2025,3550.00,100.00,0.00,'2025-01-07',1),(176,30,2,2025,3500.00,0.00,0.00,'2025-02-09',1),(177,30,3,2025,3550.00,0.00,0.00,'2025-03-11',1),(178,30,4,2025,3500.00,0.00,0.00,'2025-04-13',1),(179,30,5,2025,3550.00,0.00,0.00,'2025-05-14',1),(180,30,6,2025,3500.00,0.00,0.00,'2025-06-08',1),(181,31,1,2025,4100.00,200.00,0.00,'2025-01-08',1),(182,31,2,2025,4050.00,0.00,0.00,'2025-02-10',1),(183,31,3,2025,4150.00,0.00,0.00,'2025-03-12',1),(184,31,4,2025,4100.00,0.00,150.00,NULL,0),(185,31,5,2025,4050.00,0.00,0.00,'2025-05-14',1),(186,31,6,2025,4100.00,0.00,0.00,'2025-06-11',1),(187,32,1,2025,4000.00,0.00,0.00,'2025-01-09',1),(188,32,2,2025,4050.00,100.00,0.00,'2025-02-08',1),(189,32,3,2025,4000.00,0.00,0.00,'2025-03-11',1),(190,32,4,2025,4050.00,0.00,0.00,'2025-04-13',1),(191,32,5,2025,4000.00,0.00,0.00,'2025-05-15',1),(192,32,6,2025,4050.00,0.00,0.00,'2025-06-10',1),(193,33,1,2025,4150.00,0.00,50.00,NULL,0),(194,33,2,2025,4100.00,0.00,0.00,'2025-02-07',1),(195,33,3,2025,4050.00,0.00,0.00,'2025-03-09',1),(196,33,4,2025,4150.00,0.00,0.00,'2025-04-11',1),(197,33,5,2025,4100.00,0.00,0.00,'2025-05-13',1),(198,33,6,2025,4050.00,0.00,0.00,'2025-06-07',1),(199,34,1,2025,4000.00,150.00,0.00,'2025-01-06',1),(200,34,2,2025,4050.00,0.00,0.00,'2025-02-08',1),(201,34,3,2025,4000.00,0.00,0.00,'2025-03-10',1),(202,34,4,2025,4050.00,0.00,100.00,NULL,0),(203,34,5,2025,4000.00,0.00,0.00,'2025-05-11',1),(204,34,6,2025,4050.00,0.00,0.00,'2025-06-09',1),(205,35,1,2025,4100.00,0.00,0.00,'2025-01-07',1),(206,35,2,2025,4150.00,0.00,0.00,'2025-02-09',1),(207,35,3,2025,4100.00,0.00,0.00,'2025-03-12',1),(208,35,4,2025,4150.00,0.00,0.00,'2025-04-10',1),(209,35,5,2025,4100.00,0.00,0.00,'2025-05-14',1),(210,35,6,2025,4150.00,0.00,0.00,'2025-06-12',1),(211,36,1,2025,4000.00,0.00,0.00,'2025-01-08',1),(212,36,2,2025,4050.00,0.00,0.00,'2025-02-11',1),(213,36,3,2025,4000.00,100.00,0.00,'2025-03-09',1),(214,36,4,2025,4050.00,0.00,0.00,'2025-04-13',1),(215,36,5,2025,4000.00,0.00,0.00,'2025-05-15',1),(216,36,6,2025,4050.00,0.00,0.00,'2025-06-10',1),(217,37,1,2025,4150.00,0.00,0.00,'2025-01-07',1),(218,37,2,2025,4100.00,0.00,0.00,'2025-02-08',1),(219,37,3,2025,4050.00,0.00,0.00,'2025-03-10',1),(220,37,4,2025,4150.00,0.00,0.00,'2025-04-11',1),(221,37,5,2025,4100.00,0.00,0.00,'2025-05-13',1),(222,37,6,2025,4050.00,0.00,0.00,'2025-06-08',1),(223,38,1,2025,4000.00,0.00,0.00,'2025-01-09',1),(224,38,2,2025,4050.00,0.00,0.00,'2025-02-12',1),(225,38,3,2025,4000.00,0.00,0.00,'2025-03-14',1),(226,38,4,2025,4050.00,0.00,0.00,'2025-04-13',1),(227,38,5,2025,4000.00,0.00,0.00,'2025-05-15',1),(228,38,6,2025,4050.00,0.00,0.00,'2025-06-10',1),(229,39,1,2025,4100.00,0.00,0.00,'2025-01-10',1),(230,39,2,2025,4150.00,0.00,0.00,'2025-02-08',1),(231,39,3,2025,4100.00,0.00,0.00,'2025-03-09',1),(232,39,4,2025,4150.00,0.00,0.00,'2025-04-11',1),(233,39,5,2025,4100.00,0.00,0.00,'2025-05-14',1),(234,39,6,2025,4150.00,0.00,0.00,'2025-06-12',1),(235,40,1,2025,4050.00,50.00,0.00,'2025-01-07',1),(236,40,2,2025,4000.00,0.00,0.00,'2025-02-10',1),(237,40,3,2025,4050.00,0.00,0.00,'2025-03-12',1),(238,40,4,2025,4000.00,0.00,0.00,'2025-04-13',1),(239,40,5,2025,4050.00,0.00,0.00,'2025-05-15',1),(240,40,6,2025,4000.00,0.00,0.00,'2025-06-09',1),(241,41,1,2025,4200.00,0.00,0.00,'2025-01-08',1),(242,41,2,2025,4250.00,0.00,0.00,'2025-02-10',1),(243,41,3,2025,4200.00,0.00,0.00,'2025-03-11',1),(244,41,4,2025,4250.00,0.00,100.00,NULL,0),(245,41,5,2025,4200.00,0.00,0.00,'2025-05-13',1),(246,41,6,2025,4250.00,0.00,0.00,'2025-06-10',1),(247,42,1,2025,4150.00,50.00,0.00,'2025-01-09',1),(248,42,2,2025,4200.00,0.00,0.00,'2025-02-08',1),(249,42,3,2025,4150.00,0.00,0.00,'2025-03-09',1),(250,42,4,2025,4200.00,0.00,0.00,'2025-04-11',1),(251,42,5,2025,4150.00,0.00,0.00,'2025-05-14',1),(252,42,6,2025,4200.00,0.00,0.00,'2025-06-12',1),(253,43,1,2025,4300.00,0.00,0.00,'2025-01-07',1),(254,43,2,2025,4250.00,0.00,0.00,'2025-02-09',1),(255,43,3,2025,4300.00,100.00,0.00,'2025-03-10',1),(256,43,4,2025,4250.00,0.00,0.00,'2025-04-12',1),(257,43,5,2025,4300.00,0.00,0.00,'2025-05-13',1),(258,43,6,2025,4250.00,0.00,0.00,'2025-06-11',1),(259,44,1,2025,4150.00,0.00,0.00,'2025-01-08',1),(260,44,2,2025,4200.00,0.00,0.00,'2025-02-10',1),(261,44,3,2025,4150.00,0.00,0.00,'2025-03-12',1),(262,44,4,2025,4200.00,0.00,150.00,NULL,0),(263,44,5,2025,4150.00,0.00,0.00,'2025-05-14',1),(264,44,6,2025,4200.00,0.00,0.00,'2025-06-09',1),(265,45,1,2025,4300.00,0.00,0.00,'2025-01-07',1),(266,45,2,2025,4250.00,0.00,0.00,'2025-02-11',1),(267,45,3,2025,4300.00,0.00,0.00,'2025-03-09',1),(268,45,4,2025,4250.00,0.00,0.00,'2025-04-13',1),(269,45,5,2025,4300.00,0.00,0.00,'2025-05-15',1),(270,45,6,2025,4250.00,0.00,0.00,'2025-06-12',1),(271,46,1,2025,4200.00,0.00,0.00,'2025-01-06',1),(272,46,2,2025,4250.00,0.00,0.00,'2025-02-07',1),(273,46,3,2025,4200.00,0.00,0.00,'2025-03-10',1),(274,46,4,2025,4250.00,0.00,0.00,'2025-04-11',1),(275,46,5,2025,4200.00,0.00,0.00,'2025-05-14',1),(276,46,6,2025,4250.00,0.00,0.00,'2025-06-10',1),(277,47,1,2025,4150.00,0.00,0.00,'2025-01-08',1),(278,47,2,2025,4100.00,0.00,0.00,'2025-02-09',1),(279,47,3,2025,4150.00,0.00,0.00,'2025-03-11',1),(280,47,4,2025,4200.00,0.00,0.00,'2025-04-13',1),(281,47,5,2025,4150.00,0.00,0.00,'2025-05-15',1),(282,47,6,2025,4200.00,0.00,0.00,'2025-06-12',1),(283,48,1,2025,4300.00,0.00,0.00,'2025-01-07',1),(284,48,2,2025,4250.00,0.00,0.00,'2025-02-08',1),(285,48,3,2025,4300.00,0.00,0.00,'2025-03-10',1),(286,48,4,2025,4250.00,0.00,0.00,'2025-04-12',1),(287,48,5,2025,4300.00,0.00,0.00,'2025-05-13',1),(288,48,6,2025,4250.00,0.00,0.00,'2025-06-11',1),(289,49,1,2025,4400.00,0.00,0.00,'2025-01-09',1),(290,49,2,2025,4450.00,0.00,0.00,'2025-02-10',1),(291,49,3,2025,4400.00,0.00,0.00,'2025-03-11',1),(292,49,4,2025,4450.00,0.00,0.00,'2025-04-13',1),(293,49,5,2025,4400.00,50.00,0.00,'2025-05-14',1),(294,49,6,2025,4450.00,0.00,0.00,'2025-06-10',1),(295,50,1,2025,4350.00,0.00,0.00,'2025-01-07',1),(296,50,2,2025,4400.00,0.00,0.00,'2025-02-08',1),(297,50,3,2025,4350.00,0.00,100.00,NULL,0),(298,50,4,2025,4400.00,0.00,0.00,'2025-04-10',1),(299,50,5,2025,4350.00,0.00,0.00,'2025-05-13',1),(300,50,6,2025,4400.00,0.00,0.00,'2025-06-09',1),(301,51,1,2025,4500.00,0.00,0.00,'2025-01-06',1),(302,51,2,2025,4550.00,0.00,0.00,'2025-02-07',1),(303,51,3,2025,4500.00,0.00,0.00,'2025-03-09',1),(304,51,4,2025,4550.00,0.00,0.00,'2025-04-11',1),(305,51,5,2025,4500.00,0.00,0.00,'2025-05-14',1),(306,51,6,2025,4550.00,0.00,0.00,'2025-06-10',1),(307,52,1,2025,4350.00,100.00,0.00,'2025-01-08',1),(308,52,2,2025,4400.00,0.00,0.00,'2025-02-09',1),(309,52,3,2025,4350.00,0.00,0.00,'2025-03-12',1),(310,52,4,2025,4400.00,0.00,150.00,NULL,0),(311,52,5,2025,4350.00,0.00,0.00,'2025-05-13',1),(312,52,6,2025,4400.00,0.00,0.00,'2025-06-11',1),(313,53,1,2025,4500.00,0.00,0.00,'2025-01-09',1),(314,53,2,2025,4550.00,0.00,0.00,'2025-02-10',1),(315,53,3,2025,4500.00,0.00,0.00,'2025-03-11',1),(316,53,4,2025,4550.00,0.00,0.00,'2025-04-12',1),(317,53,5,2025,4500.00,0.00,0.00,'2025-05-14',1),(318,53,6,2025,4550.00,0.00,0.00,'2025-06-10',1),(319,54,1,2025,4400.00,0.00,0.00,'2025-01-07',1),(320,54,2,2025,4450.00,0.00,0.00,'2025-02-08',1),(321,54,3,2025,4400.00,0.00,0.00,'2025-03-10',1),(322,54,4,2025,4450.00,0.00,0.00,'2025-04-11',1),(323,54,5,2025,4400.00,0.00,0.00,'2025-05-15',1),(324,54,6,2025,4450.00,0.00,0.00,'2025-06-12',1),(325,55,1,2025,4550.00,0.00,0.00,'2025-01-06',1),(326,55,2,2025,4500.00,0.00,0.00,'2025-02-09',1),(327,55,3,2025,4550.00,0.00,0.00,'2025-03-11',1),(328,55,4,2025,4500.00,0.00,0.00,'2025-04-13',1),(329,55,5,2025,4550.00,0.00,0.00,'2025-05-14',1),(330,55,6,2025,4500.00,0.00,0.00,'2025-06-10',1),(331,56,1,2025,4400.00,0.00,0.00,'2025-01-08',1),(332,56,2,2025,4450.00,0.00,0.00,'2025-02-10',1),(333,56,3,2025,4400.00,0.00,0.00,'2025-03-12',1),(334,56,4,2025,4450.00,0.00,0.00,'2025-04-11',1),(335,56,5,2025,4400.00,0.00,0.00,'2025-05-15',1),(336,56,6,2025,4450.00,0.00,0.00,'2025-06-12',1),(337,57,1,2025,4600.00,0.00,0.00,'2025-01-09',1),(338,57,2,2025,4650.00,0.00,0.00,'2025-02-10',1),(339,57,3,2025,4600.00,0.00,0.00,'2025-03-11',1),(340,57,4,2025,4650.00,0.00,100.00,NULL,0),(341,57,5,2025,4600.00,0.00,0.00,'2025-05-13',1),(342,57,6,2025,4650.00,0.00,0.00,'2025-06-10',1),(343,58,1,2025,4550.00,0.00,0.00,'2025-01-07',1),(344,58,2,2025,4600.00,0.00,0.00,'2025-02-08',1),(345,58,3,2025,4550.00,0.00,0.00,'2025-03-09',1),(346,58,4,2025,4600.00,0.00,0.00,'2025-04-11',1),(347,58,5,2025,4550.00,0.00,0.00,'2025-05-14',1),(348,58,6,2025,4600.00,0.00,0.00,'2025-06-12',1),(349,59,1,2025,4700.00,0.00,0.00,'2025-01-06',1),(350,59,2,2025,4750.00,0.00,0.00,'2025-02-07',1),(351,59,3,2025,4700.00,0.00,0.00,'2025-03-10',1),(352,59,4,2025,4750.00,0.00,0.00,'2025-04-13',1),(353,59,5,2025,4700.00,0.00,0.00,'2025-05-15',1),(354,59,6,2025,4750.00,0.00,0.00,'2025-06-11',1),(355,60,1,2025,4600.00,0.00,0.00,'2025-01-08',1),(356,60,2,2025,4650.00,0.00,0.00,'2025-02-09',1),(357,60,3,2025,4600.00,0.00,0.00,'2025-03-12',1),(358,60,4,2025,4650.00,0.00,0.00,'2025-04-11',1),(359,60,5,2025,4600.00,0.00,0.00,'2025-05-13',1),(360,60,6,2025,4650.00,0.00,0.00,'2025-06-10',1),(361,61,1,2025,4700.00,0.00,0.00,'2025-01-10',1),(362,61,2,2025,4750.00,0.00,0.00,'2025-02-11',1),(363,61,3,2025,4700.00,0.00,0.00,'2025-03-12',1),(364,61,4,2025,4750.00,0.00,0.00,'2025-04-14',1),(365,61,5,2025,4700.00,0.00,0.00,'2025-05-15',1),(366,61,6,2025,4750.00,0.00,0.00,'2025-06-13',1),(367,62,1,2025,4650.00,50.00,0.00,'2025-01-09',1),(368,62,2,2025,4700.00,0.00,0.00,'2025-02-10',1),(369,62,3,2025,4650.00,0.00,0.00,'2025-03-11',1),(370,62,4,2025,4700.00,0.00,0.00,'2025-04-13',1),(371,62,5,2025,4650.00,0.00,100.00,NULL,0),(372,62,6,2025,4700.00,0.00,0.00,'2025-06-11',1),(373,63,1,2025,4800.00,0.00,0.00,'2025-01-07',1),(374,63,2,2025,4850.00,0.00,0.00,'2025-02-08',1),(375,63,3,2025,4800.00,0.00,0.00,'2025-03-10',1),(376,63,4,2025,4850.00,0.00,0.00,'2025-04-11',1),(377,63,5,2025,4800.00,0.00,0.00,'2025-05-14',1),(378,63,6,2025,4850.00,0.00,0.00,'2025-06-12',1),(379,64,1,2025,4650.00,0.00,0.00,'2025-01-06',1),(380,64,2,2025,4700.00,0.00,0.00,'2025-02-07',1),(381,64,3,2025,4650.00,0.00,0.00,'2025-03-09',1),(382,64,4,2025,4700.00,0.00,0.00,'2025-04-10',1),(383,64,5,2025,4650.00,0.00,0.00,'2025-05-12',1),(384,64,6,2025,4700.00,0.00,0.00,'2025-06-14',1),(385,65,1,2025,4800.00,0.00,0.00,'2025-01-08',1),(386,65,2,2025,4850.00,0.00,0.00,'2025-02-09',1),(387,65,3,2025,4800.00,0.00,0.00,'2025-03-11',1),(388,65,4,2025,4850.00,0.00,0.00,'2025-04-13',1),(389,65,5,2025,4800.00,0.00,0.00,'2025-05-15',1),(390,65,6,2025,4850.00,0.00,0.00,'2025-06-15',1),(391,66,1,2025,4700.00,0.00,0.00,'2025-01-07',1),(392,66,2,2025,4750.00,0.00,0.00,'2025-02-08',1),(393,66,3,2025,4700.00,0.00,0.00,'2025-03-10',1),(394,66,4,2025,4750.00,0.00,0.00,'2025-04-12',1),(395,66,5,2025,4700.00,0.00,0.00,'2025-05-13',1),(396,66,6,2025,4750.00,0.00,0.00,'2025-06-11',1),(397,67,1,2025,4650.00,0.00,0.00,'2025-01-09',1),(398,67,2,2025,4700.00,0.00,0.00,'2025-02-10',1),(399,67,3,2025,4650.00,0.00,0.00,'2025-03-11',1),(400,67,4,2025,4700.00,0.00,0.00,'2025-04-13',1),(401,67,5,2025,4650.00,0.00,0.00,'2025-05-14',1),(402,67,6,2025,4700.00,0.00,0.00,'2025-06-12',1),(403,68,1,2025,4800.00,0.00,0.00,'2025-01-08',1),(404,68,2,2025,4850.00,0.00,0.00,'2025-02-09',1),(405,68,3,2025,4800.00,0.00,0.00,'2025-03-10',1),(406,68,4,2025,4850.00,0.00,0.00,'2025-04-11',1),(407,68,5,2025,4800.00,0.00,0.00,'2025-05-13',1),(408,68,6,2025,4850.00,0.00,0.00,'2025-06-14',1),(409,69,1,2025,4650.00,0.00,0.00,'2025-01-06',1),(410,69,2,2025,4700.00,0.00,0.00,'2025-02-07',1),(411,69,3,2025,4650.00,0.00,0.00,'2025-03-09',1),(412,69,4,2025,4700.00,0.00,0.00,'2025-04-12',1),(413,69,5,2025,4650.00,0.00,0.00,'2025-05-15',1),(414,69,6,2025,4700.00,0.00,0.00,'2025-06-13',1),(415,70,1,2025,4800.00,0.00,0.00,'2025-01-08',1),(416,70,2,2025,4850.00,0.00,0.00,'2025-02-10',1),(417,70,3,2025,4800.00,0.00,0.00,'2025-03-11',1),(418,70,4,2025,4850.00,0.00,0.00,'2025-04-14',1),(419,70,5,2025,4800.00,0.00,0.00,'2025-05-15',1),(420,70,6,2025,4850.00,0.00,0.00,'2025-06-13',1),(421,71,1,2025,4750.00,0.00,0.00,'2025-01-07',1),(422,71,2,2025,4700.00,0.00,0.00,'2025-02-09',1),(423,71,3,2025,4750.00,0.00,0.00,'2025-03-10',1),(424,71,4,2025,4700.00,0.00,0.00,'2025-04-11',1),(425,71,5,2025,4750.00,0.00,0.00,'2025-05-12',1),(426,71,6,2025,4700.00,0.00,0.00,'2025-06-14',1),(427,72,1,2025,4800.00,0.00,0.00,'2025-01-08',1),(428,72,2,2025,4850.00,0.00,0.00,'2025-02-10',1),(429,72,3,2025,4800.00,0.00,0.00,'2025-03-11',1),(430,72,4,2025,4850.00,0.00,0.00,'2025-04-13',1),(431,72,5,2025,4800.00,0.00,0.00,'2025-05-14',1),(432,72,6,2025,4850.00,0.00,0.00,'2025-06-15',1),(433,73,1,2025,4650.00,0.00,0.00,'2025-01-06',1),(434,73,2,2025,4700.00,0.00,0.00,'2025-02-07',1),(435,73,3,2025,4650.00,0.00,0.00,'2025-03-09',1),(436,73,4,2025,4700.00,0.00,0.00,'2025-04-10',1),(437,73,5,2025,4650.00,0.00,0.00,'2025-05-12',1),(438,73,6,2025,4700.00,0.00,0.00,'2025-06-14',1),(439,74,1,2025,4800.00,0.00,0.00,'2025-01-08',1),(440,74,2,2025,4850.00,0.00,0.00,'2025-02-09',1),(441,74,3,2025,4800.00,0.00,0.00,'2025-03-10',1),(442,74,4,2025,4850.00,0.00,0.00,'2025-04-12',1),(443,74,5,2025,4800.00,0.00,0.00,'2025-05-15',1),(444,74,6,2025,4850.00,0.00,0.00,'2025-06-13',1),(445,75,1,2025,4650.00,0.00,0.00,'2025-01-09',1),(446,75,2,2025,4700.00,0.00,0.00,'2025-02-10',1),(447,75,3,2025,4650.00,0.00,0.00,'2025-03-11',1),(448,75,4,2025,4700.00,0.00,0.00,'2025-04-13',1),(449,75,5,2025,4650.00,0.00,0.00,'2025-05-14',1),(450,75,6,2025,4700.00,0.00,0.00,'2025-06-12',1),(451,76,1,2025,4800.00,0.00,0.00,'2025-01-06',1),(452,76,2,2025,4850.00,0.00,0.00,'2025-02-08',1),(453,76,3,2025,4800.00,0.00,0.00,'2025-03-10',1),(454,76,4,2025,4850.00,0.00,0.00,'2025-04-11',1),(455,76,5,2025,4800.00,0.00,0.00,'2025-05-13',1),(456,76,6,2025,4850.00,0.00,0.00,'2025-06-14',1),(457,77,1,2025,4650.00,0.00,0.00,'2025-01-07',1),(458,77,2,2025,4700.00,0.00,0.00,'2025-02-09',1),(459,77,3,2025,4650.00,0.00,0.00,'2025-03-12',1),(460,77,4,2025,4700.00,0.00,0.00,'2025-04-10',1),(461,77,5,2025,4650.00,0.00,0.00,'2025-05-12',1),(462,77,6,2025,4700.00,0.00,0.00,'2025-06-15',1),(463,78,1,2025,4800.00,0.00,0.00,'2025-01-08',1),(464,78,2,2025,4850.00,0.00,0.00,'2025-02-09',1),(465,78,3,2025,4800.00,0.00,0.00,'2025-03-11',1),(466,78,4,2025,4850.00,0.00,0.00,'2025-04-13',1),(467,78,5,2025,4800.00,0.00,0.00,'2025-05-14',1),(468,78,6,2025,4850.00,0.00,0.00,'2025-06-12',1),(469,79,1,2025,4650.00,0.00,0.00,'2025-01-06',1),(470,79,2,2025,4700.00,0.00,0.00,'2025-02-07',1),(471,79,3,2025,4650.00,0.00,0.00,'2025-03-09',1),(472,79,4,2025,4700.00,0.00,0.00,'2025-04-10',1),(473,79,5,2025,4650.00,0.00,0.00,'2025-05-11',1),(474,79,6,2025,4700.00,0.00,0.00,'2025-06-13',1),(475,80,1,2025,4800.00,0.00,0.00,'2025-01-08',1),(476,80,2,2025,4850.00,0.00,0.00,'2025-02-10',1),(477,80,3,2025,4800.00,0.00,0.00,'2025-03-12',1),(478,80,4,2025,4850.00,0.00,0.00,'2025-04-14',1),(479,80,5,2025,4800.00,0.00,0.00,'2025-05-15',1),(480,80,6,2025,4850.00,0.00,0.00,'2025-06-15',1),(481,81,1,2025,4700.00,0.00,0.00,'2025-01-10',1),(482,81,2,2025,4750.00,0.00,0.00,'2025-02-11',1),(483,81,3,2025,4700.00,0.00,0.00,'2025-03-12',1),(484,81,4,2025,4750.00,0.00,0.00,'2025-04-14',1),(485,81,5,2025,4700.00,0.00,0.00,'2025-05-15',1),(486,81,6,2025,4750.00,0.00,0.00,'2025-06-13',1),(487,82,1,2025,4650.00,25.00,0.00,'2025-01-09',1),(488,82,2,2025,4700.00,0.00,0.00,'2025-02-10',1),(489,82,3,2025,4650.00,0.00,0.00,'2025-03-11',1),(490,82,4,2025,4700.00,0.00,0.00,'2025-04-13',1),(491,82,5,2025,4650.00,0.00,50.00,NULL,0),(492,82,6,2025,4700.00,0.00,0.00,'2025-06-11',1),(493,83,1,2025,4800.00,0.00,0.00,'2025-01-07',1),(494,83,2,2025,4850.00,0.00,0.00,'2025-02-08',1),(495,83,3,2025,4800.00,0.00,0.00,'2025-03-10',1),(496,83,4,2025,4850.00,0.00,0.00,'2025-04-11',1),(497,83,5,2025,4800.00,0.00,0.00,'2025-05-14',1),(498,83,6,2025,4850.00,0.00,0.00,'2025-06-12',1),(499,84,1,2025,4650.00,0.00,0.00,'2025-01-06',1),(500,84,2,2025,4700.00,0.00,0.00,'2025-02-07',1),(501,84,3,2025,4650.00,0.00,0.00,'2025-03-09',1),(502,84,4,2025,4700.00,0.00,0.00,'2025-04-10',1),(503,84,5,2025,4650.00,0.00,0.00,'2025-05-12',1),(504,84,6,2025,4700.00,0.00,0.00,'2025-06-14',1),(505,85,1,2025,4800.00,0.00,0.00,'2025-01-08',1),(506,85,2,2025,4850.00,0.00,0.00,'2025-02-09',1),(507,85,3,2025,4800.00,0.00,0.00,'2025-03-10',1),(508,85,4,2025,4850.00,0.00,0.00,'2025-04-12',1),(509,85,5,2025,4800.00,0.00,0.00,'2025-05-15',1),(510,85,6,2025,4850.00,0.00,0.00,'2025-06-13',1),(511,86,1,2025,4650.00,0.00,0.00,'2025-01-09',1),(512,86,2,2025,4700.00,0.00,0.00,'2025-02-10',1),(513,86,3,2025,4650.00,0.00,0.00,'2025-03-11',1),(514,86,4,2025,4700.00,0.00,0.00,'2025-04-13',1),(515,86,5,2025,4650.00,0.00,0.00,'2025-05-14',1),(516,86,6,2025,4700.00,0.00,0.00,'2025-06-12',1),(517,87,1,2025,4800.00,0.00,0.00,'2025-01-06',1),(518,87,2,2025,4850.00,0.00,0.00,'2025-02-08',1),(519,87,3,2025,4800.00,0.00,0.00,'2025-03-10',1),(520,87,4,2025,4850.00,0.00,0.00,'2025-04-11',1),(521,87,5,2025,4800.00,0.00,0.00,'2025-05-13',1),(522,87,6,2025,4850.00,0.00,0.00,'2025-06-14',1),(523,88,1,2025,4650.00,0.00,0.00,'2025-01-07',1),(524,88,2,2025,4700.00,0.00,0.00,'2025-02-09',1),(525,88,3,2025,4650.00,0.00,0.00,'2025-03-11',1),(526,88,4,2025,4700.00,0.00,0.00,'2025-04-13',1),(527,88,5,2025,4650.00,0.00,0.00,'2025-05-14',1),(528,88,6,2025,4700.00,0.00,0.00,'2025-06-12',1),(529,89,1,2025,4800.00,0.00,0.00,'2025-01-06',1),(530,89,2,2025,4850.00,0.00,0.00,'2025-02-07',1),(531,89,3,2025,4800.00,0.00,0.00,'2025-03-09',1),(532,89,4,2025,4850.00,0.00,0.00,'2025-04-10',1),(533,89,5,2025,4800.00,0.00,0.00,'2025-05-12',1),(534,89,6,2025,4850.00,0.00,0.00,'2025-06-14',1),(535,90,1,2025,4650.00,0.00,0.00,'2025-01-08',1),(536,90,2,2025,4700.00,0.00,0.00,'2025-02-10',1),(537,90,3,2025,4650.00,0.00,0.00,'2025-03-12',1),(538,90,4,2025,4700.00,0.00,0.00,'2025-04-14',1),(539,90,5,2025,4650.00,0.00,0.00,'2025-05-15',1),(540,90,6,2025,4700.00,0.00,0.00,'2025-06-13',1),(541,91,1,2025,4800.00,0.00,0.00,'2025-01-09',1),(542,91,2,2025,4850.00,0.00,0.00,'2025-02-10',1),(543,91,3,2025,4800.00,0.00,0.00,'2025-03-11',1),(544,91,4,2025,4850.00,0.00,0.00,'2025-04-13',1),(545,91,5,2025,4800.00,0.00,0.00,'2025-05-14',1),(546,91,6,2025,4850.00,0.00,0.00,'2025-06-12',1),(547,92,1,2025,4650.00,0.00,0.00,'2025-01-06',1),(548,92,2,2025,4700.00,0.00,0.00,'2025-02-07',1),(549,92,3,2025,4650.00,0.00,0.00,'2025-03-09',1),(550,92,4,2025,4700.00,0.00,0.00,'2025-04-10',1),(551,92,5,2025,4650.00,0.00,0.00,'2025-05-12',1),(552,92,6,2025,4700.00,0.00,0.00,'2025-06-14',1),(553,93,1,2025,4800.00,0.00,0.00,'2025-01-08',1),(554,93,2,2025,4850.00,0.00,0.00,'2025-02-09',1),(555,93,3,2025,4800.00,0.00,0.00,'2025-03-10',1),(556,93,4,2025,4850.00,0.00,0.00,'2025-04-12',1),(557,93,5,2025,4800.00,0.00,0.00,'2025-05-15',1),(558,93,6,2025,4850.00,0.00,0.00,'2025-06-13',1),(559,94,1,2025,4650.00,0.00,0.00,'2025-01-07',1),(560,94,2,2025,4700.00,0.00,0.00,'2025-02-09',1),(561,94,3,2025,4650.00,0.00,0.00,'2025-03-12',1),(562,94,4,2025,4700.00,0.00,0.00,'2025-04-10',1),(563,94,5,2025,4650.00,0.00,0.00,'2025-05-12',1),(564,94,6,2025,4700.00,0.00,0.00,'2025-06-15',1),(565,95,1,2025,4800.00,0.00,0.00,'2025-01-08',1),(566,95,2,2025,4850.00,0.00,0.00,'2025-02-09',1),(567,95,3,2025,4800.00,0.00,0.00,'2025-03-11',1),(568,95,4,2025,4850.00,0.00,0.00,'2025-04-13',1),(569,95,5,2025,4800.00,0.00,0.00,'2025-05-14',1),(570,95,6,2025,4850.00,0.00,0.00,'2025-06-12',1),(571,96,1,2025,4650.00,0.00,0.00,'2025-01-06',1),(572,96,2,2025,4700.00,0.00,0.00,'2025-02-07',1),(573,96,3,2025,4650.00,0.00,0.00,'2025-03-09',1),(574,96,4,2025,4700.00,0.00,0.00,'2025-04-10',1),(575,96,5,2025,4650.00,0.00,0.00,'2025-05-12',1),(576,96,6,2025,4700.00,0.00,0.00,'2025-06-14',1),(577,97,1,2025,4800.00,0.00,0.00,'2025-01-08',1),(578,97,2,2025,4850.00,0.00,0.00,'2025-02-09',1),(579,97,3,2025,4800.00,0.00,0.00,'2025-03-10',1),(580,97,4,2025,4850.00,0.00,0.00,'2025-04-12',1),(581,97,5,2025,4800.00,0.00,0.00,'2025-05-15',1),(582,97,6,2025,4850.00,0.00,0.00,'2025-06-13',1),(583,98,1,2025,4650.00,0.00,0.00,'2025-01-07',1),(584,98,2,2025,4700.00,0.00,0.00,'2025-02-09',1),(585,98,3,2025,4650.00,0.00,0.00,'2025-03-12',1),(586,98,4,2025,4700.00,0.00,0.00,'2025-04-10',1),(587,98,5,2025,4650.00,0.00,0.00,'2025-05-12',1),(588,98,6,2025,4700.00,0.00,0.00,'2025-06-15',1),(589,99,1,2025,4800.00,0.00,0.00,'2025-01-08',1),(590,99,2,2025,4850.00,0.00,0.00,'2025-02-09',1),(591,99,3,2025,4800.00,0.00,0.00,'2025-03-11',1),(592,99,4,2025,4850.00,0.00,0.00,'2025-04-13',1),(593,99,5,2025,4800.00,0.00,0.00,'2025-05-14',1),(594,99,6,2025,4850.00,0.00,0.00,'2025-06-12',1),(595,100,1,2025,4650.00,0.00,0.00,'2025-01-06',1),(596,100,2,2025,4700.00,0.00,0.00,'2025-02-07',1),(597,100,3,2025,4650.00,0.00,0.00,'2025-03-09',1),(598,100,4,2025,4700.00,0.00,0.00,'2025-04-10',1),(599,100,5,2025,4650.00,0.00,0.00,'2025-05-12',1),(600,100,6,2025,4700.00,0.00,0.00,'2025-06-14',1),(601,101,1,2025,4750.00,0.00,0.00,'2025-01-10',1),(602,101,2,2025,4800.00,10.00,0.00,'2025-02-11',1),(603,101,3,2025,4750.00,0.00,20.00,NULL,0),(604,101,4,2025,4800.00,0.00,0.00,'2025-04-14',1),(605,101,5,2025,4750.00,0.00,0.00,'2025-05-15',1),(606,101,6,2025,4800.00,0.00,0.00,'2025-06-13',1),(607,102,1,2025,4700.00,0.00,0.00,'2025-01-09',1),(608,102,2,2025,4750.00,0.00,0.00,'2025-02-10',1),(609,102,3,2025,4700.00,15.00,0.00,'2025-03-11',1),(610,102,4,2025,4750.00,0.00,0.00,'2025-04-13',1),(611,102,5,2025,4700.00,0.00,10.00,NULL,0),(612,102,6,2025,4750.00,0.00,0.00,'2025-06-11',1),(613,103,1,2025,4850.00,0.00,0.00,'2025-01-07',1),(614,103,2,2025,4900.00,0.00,0.00,'2025-02-08',1),(615,103,3,2025,4850.00,0.00,0.00,'2025-03-10',1),(616,103,4,2025,4900.00,0.00,0.00,'2025-04-11',1),(617,103,5,2025,4850.00,0.00,0.00,'2025-05-14',1),(618,103,6,2025,4900.00,0.00,0.00,'2025-06-12',1),(619,104,1,2025,4750.00,0.00,0.00,'2025-01-06',1),(620,104,2,2025,4800.00,0.00,0.00,'2025-02-07',1),(621,104,3,2025,4750.00,0.00,0.00,'2025-03-09',1),(622,104,4,2025,4800.00,0.00,0.00,'2025-04-10',1),(623,104,5,2025,4750.00,0.00,0.00,'2025-05-12',1),(624,104,6,2025,4800.00,0.00,0.00,'2025-06-14',1),(625,105,1,2025,4850.00,0.00,0.00,'2025-01-08',1),(626,105,2,2025,4900.00,0.00,0.00,'2025-02-09',1),(627,105,3,2025,4850.00,0.00,0.00,'2025-03-10',1),(628,105,4,2025,4900.00,0.00,0.00,'2025-04-12',1),(629,105,5,2025,4850.00,0.00,0.00,'2025-05-15',1),(630,105,6,2025,4900.00,0.00,0.00,'2025-06-13',1),(631,106,1,2025,4700.00,0.00,0.00,'2025-01-09',1),(632,106,2,2025,4750.00,0.00,0.00,'2025-02-10',1),(633,106,3,2025,4700.00,0.00,0.00,'2025-03-11',1),(634,106,4,2025,4750.00,0.00,0.00,'2025-04-13',1),(635,106,5,2025,4700.00,0.00,0.00,'2025-05-14',1),(636,106,6,2025,4750.00,0.00,0.00,'2025-06-12',1),(637,107,1,2025,4850.00,0.00,0.00,'2025-01-06',1),(638,107,2,2025,4900.00,0.00,0.00,'2025-02-08',1),(639,107,3,2025,4850.00,0.00,0.00,'2025-03-10',1),(640,107,4,2025,4900.00,0.00,0.00,'2025-04-11',1),(641,107,5,2025,4850.00,0.00,0.00,'2025-05-13',1),(642,107,6,2025,4900.00,0.00,0.00,'2025-06-14',1),(643,108,1,2025,4750.00,0.00,0.00,'2025-01-07',1),(644,108,2,2025,4800.00,0.00,0.00,'2025-02-09',1),(645,108,3,2025,4750.00,0.00,0.00,'2025-03-12',1),(646,108,4,2025,4800.00,0.00,0.00,'2025-04-10',1),(647,108,5,2025,4750.00,0.00,0.00,'2025-05-12',1),(648,108,6,2025,4800.00,0.00,0.00,'2025-06-15',1),(649,109,1,2025,4850.00,0.00,0.00,'2025-01-08',1),(650,109,2,2025,4900.00,0.00,0.00,'2025-02-09',1),(651,109,3,2025,4850.00,0.00,0.00,'2025-03-11',1),(652,109,4,2025,4900.00,0.00,0.00,'2025-04-13',1),(653,109,5,2025,4850.00,0.00,0.00,'2025-05-14',1),(654,109,6,2025,4900.00,0.00,0.00,'2025-06-14',1),(655,110,1,2025,4700.00,0.00,0.00,'2025-01-06',1),(656,110,2,2025,4750.00,0.00,0.00,'2025-02-07',1),(657,110,3,2025,4700.00,0.00,0.00,'2025-03-09',1),(658,110,4,2025,4750.00,0.00,0.00,'2025-04-10',1),(659,110,5,2025,4700.00,0.00,0.00,'2025-05-12',1),(660,110,6,2025,4750.00,0.00,0.00,'2025-06-14',1),(661,111,1,2025,4850.00,0.00,0.00,'2025-01-08',1),(662,111,2,2025,4900.00,0.00,0.00,'2025-02-09',1),(663,111,3,2025,4850.00,0.00,0.00,'2025-03-10',1),(664,111,4,2025,4900.00,0.00,0.00,'2025-04-12',1),(665,111,5,2025,4850.00,0.00,0.00,'2025-05-15',1),(666,111,6,2025,4900.00,0.00,0.00,'2025-06-13',1),(667,112,1,2025,4750.00,0.00,0.00,'2025-01-09',1),(668,112,2,2025,4800.00,0.00,0.00,'2025-02-10',1),(669,112,3,2025,4750.00,0.00,0.00,'2025-03-11',1),(670,112,4,2025,4800.00,0.00,0.00,'2025-04-13',1),(671,112,5,2025,4750.00,0.00,0.00,'2025-05-14',1),(672,112,6,2025,4800.00,0.00,0.00,'2025-06-12',1),(673,113,1,2025,4850.00,0.00,0.00,'2025-01-06',1),(674,113,2,2025,4900.00,0.00,0.00,'2025-02-08',1),(675,113,3,2025,4850.00,0.00,0.00,'2025-03-10',1),(676,113,4,2025,4900.00,0.00,0.00,'2025-04-11',1),(677,113,5,2025,4850.00,0.00,0.00,'2025-05-13',1),(678,113,6,2025,4900.00,0.00,0.00,'2025-06-14',1),(679,114,1,2025,4750.00,0.00,0.00,'2025-01-07',1),(680,114,2,2025,4800.00,0.00,0.00,'2025-02-09',1),(681,114,3,2025,4750.00,0.00,0.00,'2025-03-12',1),(682,114,4,2025,4800.00,0.00,0.00,'2025-04-10',1),(683,114,5,2025,4750.00,0.00,0.00,'2025-05-12',1),(684,114,6,2025,4800.00,0.00,0.00,'2025-06-15',1),(685,115,1,2025,4850.00,0.00,0.00,'2025-01-08',1),(686,115,2,2025,4900.00,0.00,0.00,'2025-02-09',1),(687,115,3,2025,4850.00,0.00,0.00,'2025-03-11',1),(688,115,4,2025,4900.00,0.00,0.00,'2025-04-13',1),(689,115,5,2025,4850.00,0.00,0.00,'2025-05-14',1),(690,115,6,2025,4900.00,0.00,0.00,'2025-06-14',1),(691,116,1,2025,4700.00,0.00,0.00,'2025-01-06',1),(692,116,2,2025,4750.00,0.00,0.00,'2025-02-07',1),(693,116,3,2025,4700.00,0.00,0.00,'2025-03-09',1),(694,116,4,2025,4750.00,0.00,0.00,'2025-04-10',1),(695,116,5,2025,4700.00,0.00,0.00,'2025-05-12',1),(696,116,6,2025,4750.00,0.00,0.00,'2025-06-14',1),(697,117,1,2025,4850.00,0.00,0.00,'2025-01-08',1),(698,117,2,2025,4900.00,0.00,0.00,'2025-02-09',1),(699,117,3,2025,4850.00,0.00,0.00,'2025-03-10',1),(700,117,4,2025,4900.00,0.00,0.00,'2025-04-12',1),(701,117,5,2025,4850.00,0.00,0.00,'2025-05-15',1),(702,117,6,2025,4900.00,0.00,0.00,'2025-06-13',1),(703,118,1,2025,4750.00,0.00,0.00,'2025-01-09',1),(704,118,2,2025,4800.00,0.00,0.00,'2025-02-10',1),(705,118,3,2025,4750.00,0.00,0.00,'2025-03-11',1),(706,118,4,2025,4800.00,0.00,0.00,'2025-04-13',1),(707,118,5,2025,4750.00,0.00,0.00,'2025-05-14',1),(708,118,6,2025,4800.00,0.00,0.00,'2025-06-12',1),(709,119,1,2025,4850.00,0.00,0.00,'2025-01-06',1),(710,119,2,2025,4900.00,0.00,0.00,'2025-02-08',1),(711,119,3,2025,4850.00,0.00,0.00,'2025-03-10',1),(712,119,4,2025,4900.00,0.00,0.00,'2025-04-11',1),(713,119,5,2025,4850.00,0.00,0.00,'2025-05-13',1),(714,119,6,2025,4900.00,0.00,0.00,'2025-06-14',1),(715,120,1,2025,4750.00,0.00,0.00,'2025-01-07',1),(716,120,2,2025,4800.00,0.00,0.00,'2025-02-09',1),(717,120,3,2025,4750.00,0.00,0.00,'2025-03-12',1),(718,120,4,2025,4800.00,0.00,0.00,'2025-04-10',1),(719,120,5,2025,4750.00,0.00,0.00,'2025-05-12',1),(720,120,6,2025,4800.00,0.00,0.00,'2025-06-15',1),(722,101,3,2025,1500.00,200.00,1700.00,NULL,0);
/*!40000 ALTER TABLE `expensas` ENABLE KEYS */;
UNLOCK TABLES;
/*!50003 SET @saved_cs_client      = @@character_set_client */ ;
/*!50003 SET @saved_cs_results     = @@character_set_results */ ;
/*!50003 SET @saved_col_connection = @@collation_connection */ ;
/*!50003 SET character_set_client  = utf8mb4 */ ;
/*!50003 SET character_set_results = utf8mb4 */ ;
/*!50003 SET collation_connection  = utf8mb4_0900_ai_ci */ ;
/*!50003 SET @saved_sql_mode       = @@sql_mode */ ;
/*!50003 SET sql_mode              = 'ONLY_FULL_GROUP_BY,STRICT_TRANS_TABLES,NO_ZERO_IN_DATE,NO_ZERO_DATE,ERROR_FOR_DIVISION_BY_ZERO,NO_ENGINE_SUBSTITUTION' */ ;
DELIMITER ;;
/*!50003 CREATE*/ /*!50017 DEFINER=`root`@`localhost`*/ /*!50003 TRIGGER `trg_actualizar_deuda_expensa` BEFORE INSERT ON `expensas` FOR EACH ROW BEGIN
    IF NEW.pagado = FALSE THEN
        SET NEW.deuda = NEW.monto + COALESCE(NEW.monto_extra,0);
    ELSE
        SET NEW.deuda = 0;
    END IF;
END */;;
DELIMITER ;
/*!50003 SET sql_mode              = @saved_sql_mode */ ;
/*!50003 SET character_set_client  = @saved_cs_client */ ;
/*!50003 SET character_set_results = @saved_cs_results */ ;
/*!50003 SET collation_connection  = @saved_col_connection */ ;

--
-- Table structure for table `gastos_detallados`
--

DROP TABLE IF EXISTS `gastos_detallados`;
/*!40101 SET @saved_cs_client     = @@character_set_client */;
/*!50503 SET character_set_client = utf8mb4 */;
CREATE TABLE `gastos_detallados` (
  `id_gasto` int NOT NULL AUTO_INCREMENT,
  `id_expensa` int NOT NULL,
  `descripcion` varchar(250) NOT NULL,
  `monto` decimal(10,2) NOT NULL,
  `fecha` datetime NOT NULL DEFAULT CURRENT_TIMESTAMP,
  PRIMARY KEY (`id_gasto`),
  KEY `id_expensa` (`id_expensa`),
  CONSTRAINT `gastos_detallados_ibfk_1` FOREIGN KEY (`id_expensa`) REFERENCES `expensas` (`id_expensa`)
) ENGINE=InnoDB AUTO_INCREMENT=1055 DEFAULT CHARSET=utf8mb4 COLLATE=utf8mb4_0900_ai_ci;
/*!40101 SET character_set_client = @saved_cs_client */;

--
-- Dumping data for table `gastos_detallados`
--

LOCK TABLES `gastos_detallados` WRITE;
/*!40000 ALTER TABLE `gastos_detallados` DISABLE KEYS */;
INSERT INTO `gastos_detallados` VALUES (1,1,'Limpieza general del edificio',1200.00,'2025-01-05 09:00:00'),(2,2,'Reparación de ascensor',3500.00,'2025-01-10 11:30:00'),(3,3,'Pago de luz de áreas comunes',800.00,'2025-01-12 14:15:00'),(4,4,'Mantenimiento de piscina',1500.00,'2025-01-15 10:00:00'),(5,5,'Reparación de portón automático',2200.00,'2025-01-18 16:45:00'),(6,6,'Servicio de seguridad privada',3000.00,'2025-01-20 08:30:00'),(7,7,'Pintura de pasillos',1300.00,'2025-01-22 13:00:00'),(8,8,'Limpieza de tanques de agua',900.00,'2025-01-25 09:30:00'),(9,9,'Reparación de sistema eléctrico',2700.00,'2025-01-28 15:00:00'),(10,10,'Mantenimiento de jardines',1100.00,'2025-02-01 10:15:00'),(11,11,'Compra de materiales de limpieza',700.00,'2025-02-05 09:45:00'),(12,12,'Revisión de sistema de alarma',1200.00,'2025-02-08 14:00:00'),(13,13,'Reparación de cañerías',1800.00,'2025-02-10 11:20:00'),(14,14,'Cambio de bombillas comunes',400.00,'2025-02-12 09:00:00'),(15,15,'Servicio de jardinería especial',1600.00,'2025-02-15 13:30:00'),(16,16,'Limpieza y mantenimiento de ascensores',3200.00,'2025-02-18 10:45:00'),(17,17,'Reparación de puerta principal',2500.00,'2025-02-20 16:00:00'),(18,18,'Control de plagas',1000.00,'2025-02-22 08:30:00'),(19,19,'Mantenimiento de cámaras de seguridad',2300.00,'2025-02-25 14:15:00'),(20,20,'Compra de productos de higiene',650.00,'2025-02-27 09:10:00'),(21,21,'Servicio de limpieza profunda',1400.00,'2025-03-01 10:00:00'),(22,22,'Reparación de sistema contra incendios',2800.00,'2025-03-03 15:20:00'),(23,23,'Mantenimiento de bombas de agua',1900.00,'2025-03-05 11:35:00'),(24,24,'Compra de herramientas para mantenimiento',750.00,'2025-03-08 09:50:00'),(25,25,'Servicio de pintura exterior',2100.00,'2025-03-10 14:40:00'),(26,26,'Limpieza de ductos de ventilación',1300.00,'2025-03-12 08:30:00'),(27,27,'Reparación de sistema de calefacción',2600.00,'2025-03-15 13:00:00'),(28,28,'Mantenimiento de sistemas eléctricos',1700.00,'2025-03-18 10:15:00'),(29,29,'Compra de materiales eléctricos',900.00,'2025-03-20 09:05:00'),(30,30,'Limpieza y mantenimiento de garajes',1500.00,'2025-03-22 16:30:00'),(31,31,'Mantenimiento general',500.00,'2025-09-09 12:37:43'),(32,32,'Mantenimiento general',500.00,'2025-09-09 12:37:43'),(33,33,'Mantenimiento general',500.00,'2025-09-09 12:37:43'),(34,34,'Mantenimiento general',500.00,'2025-09-09 12:37:43'),(35,35,'Mantenimiento general',500.00,'2025-09-09 12:37:43'),(36,36,'Mantenimiento general',500.00,'2025-09-09 12:37:43'),(37,37,'Mantenimiento general',500.00,'2025-09-09 12:37:43'),(38,38,'Mantenimiento general',500.00,'2025-09-09 12:37:43'),(39,39,'Mantenimiento general',500.00,'2025-09-09 12:37:43'),(40,40,'Mantenimiento general',500.00,'2025-09-09 12:37:43'),(41,41,'Mantenimiento general',500.00,'2025-09-09 12:37:43'),(42,42,'Mantenimiento general',500.00,'2025-09-09 12:37:43'),(43,43,'Mantenimiento general',500.00,'2025-09-09 12:37:43'),(44,44,'Mantenimiento general',500.00,'2025-09-09 12:37:43'),(45,45,'Mantenimiento general',500.00,'2025-09-09 12:37:43'),(46,46,'Mantenimiento general',500.00,'2025-09-09 12:37:43'),(47,47,'Mantenimiento general',500.00,'2025-09-09 12:37:43'),(48,48,'Mantenimiento general',500.00,'2025-09-09 12:37:43'),(49,49,'Mantenimiento general',500.00,'2025-09-09 12:37:43'),(50,50,'Mantenimiento general',500.00,'2025-09-09 12:37:43'),(51,51,'Mantenimiento general',500.00,'2025-09-09 12:37:43'),(52,52,'Mantenimiento general',500.00,'2025-09-09 12:37:43'),(53,53,'Mantenimiento general',500.00,'2025-09-09 12:37:43'),(54,54,'Mantenimiento general',500.00,'2025-09-09 12:37:43'),(55,55,'Mantenimiento general',500.00,'2025-09-09 12:37:43'),(56,56,'Mantenimiento general',500.00,'2025-09-09 12:37:43'),(57,57,'Mantenimiento general',500.00,'2025-09-09 12:37:43'),(58,58,'Mantenimiento general',500.00,'2025-09-09 12:37:43'),(59,59,'Mantenimiento general',500.00,'2025-09-09 12:37:43'),(60,60,'Mantenimiento general',500.00,'2025-09-09 12:37:43'),(61,61,'Mantenimiento general',500.00,'2025-09-09 12:37:43'),(62,62,'Mantenimiento general',500.00,'2025-09-09 12:37:43'),(63,63,'Mantenimiento general',500.00,'2025-09-09 12:37:43'),(64,64,'Mantenimiento general',500.00,'2025-09-09 12:37:43'),(65,65,'Mantenimiento general',500.00,'2025-09-09 12:37:43'),(66,66,'Mantenimiento general',500.00,'2025-09-09 12:37:43'),(67,67,'Mantenimiento general',500.00,'2025-09-09 12:37:43'),(68,68,'Mantenimiento general',500.00,'2025-09-09 12:37:43'),(69,69,'Mantenimiento general',500.00,'2025-09-09 12:37:43'),(70,70,'Mantenimiento general',500.00,'2025-09-09 12:37:43'),(71,71,'Mantenimiento general',500.00,'2025-09-09 12:37:43'),(72,72,'Mantenimiento general',500.00,'2025-09-09 12:37:43'),(73,73,'Mantenimiento general',500.00,'2025-09-09 12:37:43'),(74,74,'Mantenimiento general',500.00,'2025-09-09 12:37:43'),(75,75,'Mantenimiento general',500.00,'2025-09-09 12:37:43'),(76,76,'Mantenimiento general',500.00,'2025-09-09 12:37:43'),(77,77,'Mantenimiento general',500.00,'2025-09-09 12:37:43'),(78,78,'Mantenimiento general',500.00,'2025-09-09 12:37:43'),(79,79,'Mantenimiento general',500.00,'2025-09-09 12:37:43'),(80,80,'Mantenimiento general',500.00,'2025-09-09 12:37:43'),(81,81,'Mantenimiento general',500.00,'2025-09-09 12:37:43'),(82,82,'Mantenimiento general',500.00,'2025-09-09 12:37:43'),(83,83,'Mantenimiento general',500.00,'2025-09-09 12:37:43'),(84,84,'Mantenimiento general',500.00,'2025-09-09 12:37:43'),(85,85,'Mantenimiento general',500.00,'2025-09-09 12:37:43'),(86,86,'Mantenimiento general',500.00,'2025-09-09 12:37:43'),(87,87,'Mantenimiento general',500.00,'2025-09-09 12:37:43'),(88,88,'Mantenimiento general',500.00,'2025-09-09 12:37:43'),(89,89,'Mantenimiento general',500.00,'2025-09-09 12:37:43'),(90,90,'Mantenimiento general',500.00,'2025-09-09 12:37:43'),(91,91,'Mantenimiento general',500.00,'2025-09-09 12:37:43'),(92,92,'Mantenimiento general',500.00,'2025-09-09 12:37:43'),(93,93,'Mantenimiento general',500.00,'2025-09-09 12:37:43'),(94,94,'Mantenimiento general',500.00,'2025-09-09 12:37:43'),(95,95,'Mantenimiento general',500.00,'2025-09-09 12:37:43'),(96,96,'Mantenimiento general',500.00,'2025-09-09 12:37:43'),(97,97,'Mantenimiento general',500.00,'2025-09-09 12:37:43'),(98,98,'Mantenimiento general',500.00,'2025-09-09 12:37:43'),(99,99,'Mantenimiento general',500.00,'2025-09-09 12:37:43'),(100,100,'Mantenimiento general',500.00,'2025-09-09 12:37:43'),(101,101,'Mantenimiento general',500.00,'2025-09-09 12:37:43'),(102,102,'Mantenimiento general',500.00,'2025-09-09 12:37:43'),(103,103,'Mantenimiento general',500.00,'2025-09-09 12:37:43'),(104,104,'Mantenimiento general',500.00,'2025-09-09 12:37:43'),(105,105,'Mantenimiento general',500.00,'2025-09-09 12:37:43'),(106,106,'Mantenimiento general',500.00,'2025-09-09 12:37:43'),(107,107,'Mantenimiento general',500.00,'2025-09-09 12:37:43'),(108,108,'Mantenimiento general',500.00,'2025-09-09 12:37:43'),(109,109,'Mantenimiento general',500.00,'2025-09-09 12:37:43'),(110,110,'Mantenimiento general',500.00,'2025-09-09 12:37:43'),(111,111,'Mantenimiento general',500.00,'2025-09-09 12:37:43'),(112,112,'Mantenimiento general',500.00,'2025-09-09 12:37:43'),(113,113,'Mantenimiento general',500.00,'2025-09-09 12:37:43'),(114,114,'Mantenimiento general',500.00,'2025-09-09 12:37:43'),(115,115,'Mantenimiento general',500.00,'2025-09-09 12:37:43'),(116,116,'Mantenimiento general',500.00,'2025-09-09 12:37:43'),(117,117,'Mantenimiento general',500.00,'2025-09-09 12:37:43'),(118,118,'Mantenimiento general',500.00,'2025-09-09 12:37:43'),(119,119,'Mantenimiento general',500.00,'2025-09-09 12:37:43'),(120,120,'Mantenimiento general',500.00,'2025-09-09 12:37:43'),(121,121,'Mantenimiento general',500.00,'2025-09-09 12:37:43'),(122,122,'Mantenimiento general',500.00,'2025-09-09 12:37:43'),(123,123,'Mantenimiento general',500.00,'2025-09-09 12:37:43'),(124,124,'Mantenimiento general',500.00,'2025-09-09 12:37:43'),(125,125,'Mantenimiento general',500.00,'2025-09-09 12:37:43'),(126,126,'Mantenimiento general',500.00,'2025-09-09 12:37:43'),(127,127,'Mantenimiento general',500.00,'2025-09-09 12:37:43'),(128,128,'Mantenimiento general',500.00,'2025-09-09 12:37:43'),(129,129,'Mantenimiento general',500.00,'2025-09-09 12:37:43'),(130,130,'Mantenimiento general',500.00,'2025-09-09 12:37:43'),(131,131,'Mantenimiento general',500.00,'2025-09-09 12:37:43'),(132,132,'Mantenimiento general',500.00,'2025-09-09 12:37:43'),(133,133,'Mantenimiento general',500.00,'2025-09-09 12:37:43'),(134,134,'Mantenimiento general',500.00,'2025-09-09 12:37:43'),(135,135,'Mantenimiento general',500.00,'2025-09-09 12:37:43'),(136,136,'Mantenimiento general',500.00,'2025-09-09 12:37:43'),(137,137,'Mantenimiento general',500.00,'2025-09-09 12:37:43'),(138,138,'Mantenimiento general',500.00,'2025-09-09 12:37:43'),(139,139,'Mantenimiento general',500.00,'2025-09-09 12:37:43'),(140,140,'Mantenimiento general',500.00,'2025-09-09 12:37:43'),(141,141,'Mantenimiento general',500.00,'2025-09-09 12:37:43'),(142,142,'Mantenimiento general',500.00,'2025-09-09 12:37:43'),(143,143,'Mantenimiento general',500.00,'2025-09-09 12:37:43'),(144,144,'Mantenimiento general',500.00,'2025-09-09 12:37:43'),(145,145,'Mantenimiento general',500.00,'2025-09-09 12:37:43'),(146,146,'Mantenimiento general',500.00,'2025-09-09 12:37:43'),(147,147,'Mantenimiento general',500.00,'2025-09-09 12:37:43'),(148,148,'Mantenimiento general',500.00,'2025-09-09 12:37:43'),(149,149,'Mantenimiento general',500.00,'2025-09-09 12:37:43'),(150,150,'Mantenimiento general',500.00,'2025-09-09 12:37:43'),(151,151,'Mantenimiento general',500.00,'2025-09-09 12:37:43'),(152,152,'Mantenimiento general',500.00,'2025-09-09 12:37:43'),(153,153,'Mantenimiento general',500.00,'2025-09-09 12:37:43'),(154,154,'Mantenimiento general',500.00,'2025-09-09 12:37:43'),(155,155,'Mantenimiento general',500.00,'2025-09-09 12:37:43'),(156,156,'Mantenimiento general',500.00,'2025-09-09 12:37:43'),(157,157,'Mantenimiento general',500.00,'2025-09-09 12:37:43'),(158,158,'Mantenimiento general',500.00,'2025-09-09 12:37:43'),(159,159,'Mantenimiento general',500.00,'2025-09-09 12:37:43'),(160,160,'Mantenimiento general',500.00,'2025-09-09 12:37:43'),(161,161,'Mantenimiento general',500.00,'2025-09-09 12:37:43'),(162,162,'Mantenimiento general',500.00,'2025-09-09 12:37:43'),(163,163,'Mantenimiento general',500.00,'2025-09-09 12:37:43'),(164,164,'Mantenimiento general',500.00,'2025-09-09 12:37:43'),(165,165,'Mantenimiento general',500.00,'2025-09-09 12:37:43'),(166,166,'Mantenimiento general',500.00,'2025-09-09 12:37:43'),(167,167,'Mantenimiento general',500.00,'2025-09-09 12:37:43'),(168,168,'Mantenimiento general',500.00,'2025-09-09 12:37:43'),(169,169,'Mantenimiento general',500.00,'2025-09-09 12:37:43'),(170,170,'Mantenimiento general',500.00,'2025-09-09 12:37:43'),(171,171,'Mantenimiento general',500.00,'2025-09-09 12:37:43'),(172,172,'Mantenimiento general',500.00,'2025-09-09 12:37:43'),(173,173,'Mantenimiento general',500.00,'2025-09-09 12:37:43'),(174,174,'Mantenimiento general',500.00,'2025-09-09 12:37:43'),(175,175,'Mantenimiento general',500.00,'2025-09-09 12:37:43'),(176,176,'Mantenimiento general',500.00,'2025-09-09 12:37:43'),(177,177,'Mantenimiento general',500.00,'2025-09-09 12:37:43'),(178,178,'Mantenimiento general',500.00,'2025-09-09 12:37:43'),(179,179,'Mantenimiento general',500.00,'2025-09-09 12:37:43'),(180,180,'Mantenimiento general',500.00,'2025-09-09 12:37:43'),(181,181,'Mantenimiento general',500.00,'2025-09-09 12:37:43'),(182,182,'Mantenimiento general',500.00,'2025-09-09 12:37:43'),(183,183,'Mantenimiento general',500.00,'2025-09-09 12:37:43'),(184,184,'Mantenimiento general',500.00,'2025-09-09 12:37:43'),(185,185,'Mantenimiento general',500.00,'2025-09-09 12:37:43'),(186,186,'Mantenimiento general',500.00,'2025-09-09 12:37:43'),(187,187,'Mantenimiento general',500.00,'2025-09-09 12:37:43'),(188,188,'Mantenimiento general',500.00,'2025-09-09 12:37:43'),(189,189,'Mantenimiento general',500.00,'2025-09-09 12:37:43'),(190,190,'Mantenimiento general',500.00,'2025-09-09 12:37:43'),(191,191,'Mantenimiento general',500.00,'2025-09-09 12:37:43'),(192,192,'Mantenimiento general',500.00,'2025-09-09 12:37:43'),(193,193,'Mantenimiento general',500.00,'2025-09-09 12:37:43'),(194,194,'Mantenimiento general',500.00,'2025-09-09 12:37:43'),(195,195,'Mantenimiento general',500.00,'2025-09-09 12:37:43'),(196,196,'Mantenimiento general',500.00,'2025-09-09 12:37:43'),(197,197,'Mantenimiento general',500.00,'2025-09-09 12:37:43'),(198,198,'Mantenimiento general',500.00,'2025-09-09 12:37:43'),(199,199,'Mantenimiento general',500.00,'2025-09-09 12:37:43'),(200,200,'Mantenimiento general',500.00,'2025-09-09 12:37:43'),(201,201,'Mantenimiento general',500.00,'2025-09-09 12:37:43'),(202,202,'Mantenimiento general',500.00,'2025-09-09 12:37:43'),(203,203,'Mantenimiento general',500.00,'2025-09-09 12:37:43'),(204,204,'Mantenimiento general',500.00,'2025-09-09 12:37:43'),(205,205,'Mantenimiento general',500.00,'2025-09-09 12:37:43'),(206,206,'Mantenimiento general',500.00,'2025-09-09 12:37:43'),(207,207,'Mantenimiento general',500.00,'2025-09-09 12:37:43'),(208,208,'Mantenimiento general',500.00,'2025-09-09 12:37:43'),(209,209,'Mantenimiento general',500.00,'2025-09-09 12:37:43'),(210,210,'Mantenimiento general',500.00,'2025-09-09 12:37:43'),(211,211,'Mantenimiento general',500.00,'2025-09-09 12:37:43'),(212,212,'Mantenimiento general',500.00,'2025-09-09 12:37:43'),(213,213,'Mantenimiento general',500.00,'2025-09-09 12:37:43'),(214,214,'Mantenimiento general',500.00,'2025-09-09 12:37:43'),(215,215,'Mantenimiento general',500.00,'2025-09-09 12:37:43'),(216,216,'Mantenimiento general',500.00,'2025-09-09 12:37:43'),(217,217,'Mantenimiento general',500.00,'2025-09-09 12:37:43'),(218,218,'Mantenimiento general',500.00,'2025-09-09 12:37:43'),(219,219,'Mantenimiento general',500.00,'2025-09-09 12:37:43'),(220,220,'Mantenimiento general',500.00,'2025-09-09 12:37:43'),(221,221,'Mantenimiento general',500.00,'2025-09-09 12:37:43'),(222,222,'Mantenimiento general',500.00,'2025-09-09 12:37:43'),(223,223,'Mantenimiento general',500.00,'2025-09-09 12:37:43'),(224,224,'Mantenimiento general',500.00,'2025-09-09 12:37:43'),(225,225,'Mantenimiento general',500.00,'2025-09-09 12:37:43'),(226,226,'Mantenimiento general',500.00,'2025-09-09 12:37:43'),(227,227,'Mantenimiento general',500.00,'2025-09-09 12:37:43'),(228,228,'Mantenimiento general',500.00,'2025-09-09 12:37:43'),(229,229,'Mantenimiento general',500.00,'2025-09-09 12:37:43'),(230,230,'Mantenimiento general',500.00,'2025-09-09 12:37:43'),(231,231,'Mantenimiento general',500.00,'2025-09-09 12:37:43'),(232,232,'Mantenimiento general',500.00,'2025-09-09 12:37:43'),(233,233,'Mantenimiento general',500.00,'2025-09-09 12:37:43'),(234,234,'Mantenimiento general',500.00,'2025-09-09 12:37:43'),(235,235,'Mantenimiento general',500.00,'2025-09-09 12:37:43'),(236,236,'Mantenimiento general',500.00,'2025-09-09 12:37:43'),(237,237,'Mantenimiento general',500.00,'2025-09-09 12:37:43'),(238,238,'Mantenimiento general',500.00,'2025-09-09 12:37:43'),(239,239,'Mantenimiento general',500.00,'2025-09-09 12:37:43'),(240,240,'Mantenimiento general',500.00,'2025-09-09 12:37:43'),(241,241,'Mantenimiento general',500.00,'2025-09-09 12:37:43'),(242,242,'Mantenimiento general',500.00,'2025-09-09 12:37:43'),(243,243,'Mantenimiento general',500.00,'2025-09-09 12:37:43'),(244,244,'Mantenimiento general',500.00,'2025-09-09 12:37:43'),(245,245,'Mantenimiento general',500.00,'2025-09-09 12:37:43'),(246,246,'Mantenimiento general',500.00,'2025-09-09 12:37:43'),(247,247,'Mantenimiento general',500.00,'2025-09-09 12:37:43'),(248,248,'Mantenimiento general',500.00,'2025-09-09 12:37:43'),(249,249,'Mantenimiento general',500.00,'2025-09-09 12:37:43'),(250,250,'Mantenimiento general',500.00,'2025-09-09 12:37:43'),(251,251,'Mantenimiento general',500.00,'2025-09-09 12:37:43'),(252,252,'Mantenimiento general',500.00,'2025-09-09 12:37:43'),(253,253,'Mantenimiento general',500.00,'2025-09-09 12:37:43'),(254,254,'Mantenimiento general',500.00,'2025-09-09 12:37:43'),(255,255,'Mantenimiento general',500.00,'2025-09-09 12:37:43'),(256,256,'Mantenimiento general',500.00,'2025-09-09 12:37:43'),(257,257,'Mantenimiento general',500.00,'2025-09-09 12:37:43'),(258,258,'Mantenimiento general',500.00,'2025-09-09 12:37:43'),(259,259,'Mantenimiento general',500.00,'2025-09-09 12:37:43'),(260,260,'Mantenimiento general',500.00,'2025-09-09 12:37:43'),(261,261,'Mantenimiento general',500.00,'2025-09-09 12:37:43'),(262,262,'Mantenimiento general',500.00,'2025-09-09 12:37:43'),(263,263,'Mantenimiento general',500.00,'2025-09-09 12:37:43'),(264,264,'Mantenimiento general',500.00,'2025-09-09 12:37:43'),(265,265,'Mantenimiento general',500.00,'2025-09-09 12:37:43'),(266,266,'Mantenimiento general',500.00,'2025-09-09 12:37:43'),(267,267,'Mantenimiento general',500.00,'2025-09-09 12:37:43'),(268,268,'Mantenimiento general',500.00,'2025-09-09 12:37:43'),(269,269,'Mantenimiento general',500.00,'2025-09-09 12:37:43'),(270,270,'Mantenimiento general',500.00,'2025-09-09 12:37:43'),(271,271,'Mantenimiento general',500.00,'2025-09-09 12:37:43'),(272,272,'Mantenimiento general',500.00,'2025-09-09 12:37:43'),(273,273,'Mantenimiento general',500.00,'2025-09-09 12:37:43'),(274,274,'Mantenimiento general',500.00,'2025-09-09 12:37:43'),(275,275,'Mantenimiento general',500.00,'2025-09-09 12:37:43'),(276,276,'Mantenimiento general',500.00,'2025-09-09 12:37:43'),(277,277,'Mantenimiento general',500.00,'2025-09-09 12:37:43'),(278,278,'Mantenimiento general',500.00,'2025-09-09 12:37:43'),(279,279,'Mantenimiento general',500.00,'2025-09-09 12:37:43'),(280,280,'Mantenimiento general',500.00,'2025-09-09 12:37:43'),(281,281,'Mantenimiento general',500.00,'2025-09-09 12:37:43'),(282,282,'Mantenimiento general',500.00,'2025-09-09 12:37:43'),(283,283,'Mantenimiento general',500.00,'2025-09-09 12:37:43'),(284,284,'Mantenimiento general',500.00,'2025-09-09 12:37:43'),(285,285,'Mantenimiento general',500.00,'2025-09-09 12:37:43'),(286,286,'Mantenimiento general',500.00,'2025-09-09 12:37:43'),(287,287,'Mantenimiento general',500.00,'2025-09-09 12:37:43'),(288,288,'Mantenimiento general',500.00,'2025-09-09 12:37:43'),(289,289,'Mantenimiento general',500.00,'2025-09-09 12:37:43'),(290,290,'Mantenimiento general',500.00,'2025-09-09 12:37:43'),(291,291,'Mantenimiento general',500.00,'2025-09-09 12:37:43'),(292,292,'Mantenimiento general',500.00,'2025-09-09 12:37:43'),(293,293,'Mantenimiento general',500.00,'2025-09-09 12:37:43'),(294,294,'Mantenimiento general',500.00,'2025-09-09 12:37:43'),(295,295,'Mantenimiento general',500.00,'2025-09-09 12:37:43'),(296,296,'Mantenimiento general',500.00,'2025-09-09 12:37:43'),(297,297,'Mantenimiento general',500.00,'2025-09-09 12:37:43'),(298,298,'Mantenimiento general',500.00,'2025-09-09 12:37:43'),(299,299,'Mantenimiento general',500.00,'2025-09-09 12:37:43'),(300,300,'Mantenimiento general',500.00,'2025-09-09 12:37:43'),(301,301,'Mantenimiento general',500.00,'2025-09-09 12:37:43'),(302,302,'Mantenimiento general',500.00,'2025-09-09 12:37:43'),(303,303,'Mantenimiento general',500.00,'2025-09-09 12:37:43'),(304,304,'Mantenimiento general',500.00,'2025-09-09 12:37:43'),(305,305,'Mantenimiento general',500.00,'2025-09-09 12:37:43'),(306,306,'Mantenimiento general',500.00,'2025-09-09 12:37:43'),(307,307,'Mantenimiento general',500.00,'2025-09-09 12:37:43'),(308,308,'Mantenimiento general',500.00,'2025-09-09 12:37:43'),(309,309,'Mantenimiento general',500.00,'2025-09-09 12:37:43'),(310,310,'Mantenimiento general',500.00,'2025-09-09 12:37:43'),(311,311,'Mantenimiento general',500.00,'2025-09-09 12:37:43'),(312,312,'Mantenimiento general',500.00,'2025-09-09 12:37:43'),(313,313,'Mantenimiento general',500.00,'2025-09-09 12:37:43'),(314,314,'Mantenimiento general',500.00,'2025-09-09 12:37:43'),(315,315,'Mantenimiento general',500.00,'2025-09-09 12:37:43'),(316,316,'Mantenimiento general',500.00,'2025-09-09 12:37:43'),(317,317,'Mantenimiento general',500.00,'2025-09-09 12:37:43'),(318,318,'Mantenimiento general',500.00,'2025-09-09 12:37:43'),(319,319,'Mantenimiento general',500.00,'2025-09-09 12:37:43'),(320,320,'Mantenimiento general',500.00,'2025-09-09 12:37:43'),(321,321,'Mantenimiento general',500.00,'2025-09-09 12:37:43'),(322,322,'Mantenimiento general',500.00,'2025-09-09 12:37:43'),(323,323,'Mantenimiento general',500.00,'2025-09-09 12:37:43'),(324,324,'Mantenimiento general',500.00,'2025-09-09 12:37:43'),(325,325,'Mantenimiento general',500.00,'2025-09-09 12:37:43'),(326,326,'Mantenimiento general',500.00,'2025-09-09 12:37:43'),(327,327,'Mantenimiento general',500.00,'2025-09-09 12:37:43'),(328,328,'Mantenimiento general',500.00,'2025-09-09 12:37:43'),(329,329,'Mantenimiento general',500.00,'2025-09-09 12:37:43'),(330,330,'Mantenimiento general',500.00,'2025-09-09 12:37:43'),(331,331,'Mantenimiento general',500.00,'2025-09-09 12:37:43'),(332,332,'Mantenimiento general',500.00,'2025-09-09 12:37:43'),(333,333,'Mantenimiento general',500.00,'2025-09-09 12:37:43'),(334,334,'Mantenimiento general',500.00,'2025-09-09 12:37:43'),(335,335,'Mantenimiento general',500.00,'2025-09-09 12:37:43'),(336,336,'Mantenimiento general',500.00,'2025-09-09 12:37:43'),(337,337,'Mantenimiento general',500.00,'2025-09-09 12:37:43'),(338,338,'Mantenimiento general',500.00,'2025-09-09 12:37:43'),(339,339,'Mantenimiento general',500.00,'2025-09-09 12:37:43'),(340,340,'Mantenimiento general',500.00,'2025-09-09 12:37:43'),(341,341,'Mantenimiento general',500.00,'2025-09-09 12:37:43'),(342,342,'Mantenimiento general',500.00,'2025-09-09 12:37:43'),(343,343,'Mantenimiento general',500.00,'2025-09-09 12:37:43'),(344,344,'Mantenimiento general',500.00,'2025-09-09 12:37:43'),(345,345,'Mantenimiento general',500.00,'2025-09-09 12:37:43'),(346,346,'Mantenimiento general',500.00,'2025-09-09 12:37:43'),(347,347,'Mantenimiento general',500.00,'2025-09-09 12:37:43'),(348,348,'Mantenimiento general',500.00,'2025-09-09 12:37:43'),(349,349,'Mantenimiento general',500.00,'2025-09-09 12:37:43'),(350,350,'Mantenimiento general',500.00,'2025-09-09 12:37:43'),(351,351,'Mantenimiento general',500.00,'2025-09-09 12:37:43'),(352,352,'Mantenimiento general',500.00,'2025-09-09 12:37:43'),(353,353,'Mantenimiento general',500.00,'2025-09-09 12:37:43'),(354,354,'Mantenimiento general',500.00,'2025-09-09 12:37:43'),(355,355,'Mantenimiento general',500.00,'2025-09-09 12:37:43'),(356,356,'Mantenimiento general',500.00,'2025-09-09 12:37:43'),(357,357,'Mantenimiento general',500.00,'2025-09-09 12:37:43'),(358,358,'Mantenimiento general',500.00,'2025-09-09 12:37:43'),(359,359,'Mantenimiento general',500.00,'2025-09-09 12:37:43'),(360,360,'Mantenimiento general',500.00,'2025-09-09 12:37:43'),(361,361,'Mantenimiento general',500.00,'2025-09-09 12:37:43'),(362,362,'Mantenimiento general',500.00,'2025-09-09 12:37:43'),(363,363,'Mantenimiento general',500.00,'2025-09-09 12:37:43'),(364,364,'Mantenimiento general',500.00,'2025-09-09 12:37:43'),(365,365,'Mantenimiento general',500.00,'2025-09-09 12:37:43'),(366,366,'Mantenimiento general',500.00,'2025-09-09 12:37:43'),(367,367,'Mantenimiento general',500.00,'2025-09-09 12:37:43'),(368,368,'Mantenimiento general',500.00,'2025-09-09 12:37:43'),(369,369,'Mantenimiento general',500.00,'2025-09-09 12:37:43'),(370,370,'Mantenimiento general',500.00,'2025-09-09 12:37:43'),(371,371,'Mantenimiento general',500.00,'2025-09-09 12:37:43'),(372,372,'Mantenimiento general',500.00,'2025-09-09 12:37:43'),(373,373,'Mantenimiento general',500.00,'2025-09-09 12:37:43'),(374,374,'Mantenimiento general',500.00,'2025-09-09 12:37:43'),(375,375,'Mantenimiento general',500.00,'2025-09-09 12:37:43'),(376,376,'Mantenimiento general',500.00,'2025-09-09 12:37:43'),(377,377,'Mantenimiento general',500.00,'2025-09-09 12:37:43'),(378,378,'Mantenimiento general',500.00,'2025-09-09 12:37:43'),(379,379,'Mantenimiento general',500.00,'2025-09-09 12:37:43'),(380,380,'Mantenimiento general',500.00,'2025-09-09 12:37:43'),(381,381,'Mantenimiento general',500.00,'2025-09-09 12:37:43'),(382,382,'Mantenimiento general',500.00,'2025-09-09 12:37:43'),(383,383,'Mantenimiento general',500.00,'2025-09-09 12:37:43'),(384,384,'Mantenimiento general',500.00,'2025-09-09 12:37:43'),(385,385,'Mantenimiento general',500.00,'2025-09-09 12:37:43'),(386,386,'Mantenimiento general',500.00,'2025-09-09 12:37:43'),(387,387,'Mantenimiento general',500.00,'2025-09-09 12:37:43'),(388,388,'Mantenimiento general',500.00,'2025-09-09 12:37:43'),(389,389,'Mantenimiento general',500.00,'2025-09-09 12:37:43'),(390,390,'Mantenimiento general',500.00,'2025-09-09 12:37:43'),(391,391,'Mantenimiento general',500.00,'2025-09-09 12:37:43'),(392,392,'Mantenimiento general',500.00,'2025-09-09 12:37:43'),(393,393,'Mantenimiento general',500.00,'2025-09-09 12:37:43'),(394,394,'Mantenimiento general',500.00,'2025-09-09 12:37:43'),(395,395,'Mantenimiento general',500.00,'2025-09-09 12:37:43'),(396,396,'Mantenimiento general',500.00,'2025-09-09 12:37:43'),(397,397,'Mantenimiento general',500.00,'2025-09-09 12:37:43'),(398,398,'Mantenimiento general',500.00,'2025-09-09 12:37:43'),(399,399,'Mantenimiento general',500.00,'2025-09-09 12:37:43'),(400,400,'Mantenimiento general',500.00,'2025-09-09 12:37:43'),(401,401,'Mantenimiento general',500.00,'2025-09-09 12:37:43'),(402,402,'Mantenimiento general',500.00,'2025-09-09 12:37:43'),(403,403,'Mantenimiento general',500.00,'2025-09-09 12:37:43'),(404,404,'Mantenimiento general',500.00,'2025-09-09 12:37:43'),(405,405,'Mantenimiento general',500.00,'2025-09-09 12:37:43'),(406,406,'Mantenimiento general',500.00,'2025-09-09 12:37:43'),(407,407,'Mantenimiento general',500.00,'2025-09-09 12:37:43'),(408,408,'Mantenimiento general',500.00,'2025-09-09 12:37:43'),(409,409,'Mantenimiento general',500.00,'2025-09-09 12:37:43'),(410,410,'Mantenimiento general',500.00,'2025-09-09 12:37:43'),(411,411,'Mantenimiento general',500.00,'2025-09-09 12:37:43'),(412,412,'Mantenimiento general',500.00,'2025-09-09 12:37:43'),(413,413,'Mantenimiento general',500.00,'2025-09-09 12:37:43'),(414,414,'Mantenimiento general',500.00,'2025-09-09 12:37:43'),(415,415,'Mantenimiento general',500.00,'2025-09-09 12:37:43'),(416,416,'Mantenimiento general',500.00,'2025-09-09 12:37:43'),(417,417,'Mantenimiento general',500.00,'2025-09-09 12:37:43'),(418,418,'Mantenimiento general',500.00,'2025-09-09 12:37:43'),(419,419,'Mantenimiento general',500.00,'2025-09-09 12:37:43'),(420,420,'Mantenimiento general',500.00,'2025-09-09 12:37:43'),(421,421,'Mantenimiento general',500.00,'2025-09-09 12:37:43'),(422,422,'Mantenimiento general',500.00,'2025-09-09 12:37:43'),(423,423,'Mantenimiento general',500.00,'2025-09-09 12:37:43'),(424,424,'Mantenimiento general',500.00,'2025-09-09 12:37:43'),(425,425,'Mantenimiento general',500.00,'2025-09-09 12:37:43'),(426,426,'Mantenimiento general',500.00,'2025-09-09 12:37:43'),(427,427,'Mantenimiento general',500.00,'2025-09-09 12:37:43'),(428,428,'Mantenimiento general',500.00,'2025-09-09 12:37:43'),(429,429,'Mantenimiento general',500.00,'2025-09-09 12:37:43'),(430,430,'Mantenimiento general',500.00,'2025-09-09 12:37:43'),(431,431,'Mantenimiento general',500.00,'2025-09-09 12:37:43'),(432,432,'Mantenimiento general',500.00,'2025-09-09 12:37:43'),(433,433,'Mantenimiento general',500.00,'2025-09-09 12:37:43'),(434,434,'Mantenimiento general',500.00,'2025-09-09 12:37:43'),(435,435,'Mantenimiento general',500.00,'2025-09-09 12:37:43'),(436,436,'Mantenimiento general',500.00,'2025-09-09 12:37:43'),(437,437,'Mantenimiento general',500.00,'2025-09-09 12:37:43'),(438,438,'Mantenimiento general',500.00,'2025-09-09 12:37:43'),(439,439,'Mantenimiento general',500.00,'2025-09-09 12:37:43'),(440,440,'Mantenimiento general',500.00,'2025-09-09 12:37:43'),(441,441,'Mantenimiento general',500.00,'2025-09-09 12:37:43'),(442,442,'Mantenimiento general',500.00,'2025-09-09 12:37:43'),(443,443,'Mantenimiento general',500.00,'2025-09-09 12:37:43'),(444,444,'Mantenimiento general',500.00,'2025-09-09 12:37:43'),(445,445,'Mantenimiento general',500.00,'2025-09-09 12:37:43'),(446,446,'Mantenimiento general',500.00,'2025-09-09 12:37:43'),(447,447,'Mantenimiento general',500.00,'2025-09-09 12:37:43'),(448,448,'Mantenimiento general',500.00,'2025-09-09 12:37:43'),(449,449,'Mantenimiento general',500.00,'2025-09-09 12:37:43'),(450,450,'Mantenimiento general',500.00,'2025-09-09 12:37:43'),(451,451,'Mantenimiento general',500.00,'2025-09-09 12:37:43'),(452,452,'Mantenimiento general',500.00,'2025-09-09 12:37:43'),(453,453,'Mantenimiento general',500.00,'2025-09-09 12:37:43'),(454,454,'Mantenimiento general',500.00,'2025-09-09 12:37:43'),(455,455,'Mantenimiento general',500.00,'2025-09-09 12:37:43'),(456,456,'Mantenimiento general',500.00,'2025-09-09 12:37:43'),(457,457,'Mantenimiento general',500.00,'2025-09-09 12:37:43'),(458,458,'Mantenimiento general',500.00,'2025-09-09 12:37:43'),(459,459,'Mantenimiento general',500.00,'2025-09-09 12:37:43'),(460,460,'Mantenimiento general',500.00,'2025-09-09 12:37:43'),(461,461,'Mantenimiento general',500.00,'2025-09-09 12:37:43'),(462,462,'Mantenimiento general',500.00,'2025-09-09 12:37:43'),(463,463,'Mantenimiento general',500.00,'2025-09-09 12:37:43'),(464,464,'Mantenimiento general',500.00,'2025-09-09 12:37:43'),(465,465,'Mantenimiento general',500.00,'2025-09-09 12:37:43'),(466,466,'Mantenimiento general',500.00,'2025-09-09 12:37:43'),(467,467,'Mantenimiento general',500.00,'2025-09-09 12:37:43'),(468,468,'Mantenimiento general',500.00,'2025-09-09 12:37:43'),(469,469,'Mantenimiento general',500.00,'2025-09-09 12:37:43'),(470,470,'Mantenimiento general',500.00,'2025-09-09 12:37:43'),(471,471,'Mantenimiento general',500.00,'2025-09-09 12:37:43'),(472,472,'Mantenimiento general',500.00,'2025-09-09 12:37:43'),(473,473,'Mantenimiento general',500.00,'2025-09-09 12:37:43'),(474,474,'Mantenimiento general',500.00,'2025-09-09 12:37:43'),(475,475,'Mantenimiento general',500.00,'2025-09-09 12:37:43'),(476,476,'Mantenimiento general',500.00,'2025-09-09 12:37:43'),(477,477,'Mantenimiento general',500.00,'2025-09-09 12:37:43'),(478,478,'Mantenimiento general',500.00,'2025-09-09 12:37:43'),(479,479,'Mantenimiento general',500.00,'2025-09-09 12:37:43'),(480,480,'Mantenimiento general',500.00,'2025-09-09 12:37:43'),(481,481,'Mantenimiento general',500.00,'2025-09-09 12:37:43'),(482,482,'Mantenimiento general',500.00,'2025-09-09 12:37:43'),(483,483,'Mantenimiento general',500.00,'2025-09-09 12:37:43'),(484,484,'Mantenimiento general',500.00,'2025-09-09 12:37:43'),(485,485,'Mantenimiento general',500.00,'2025-09-09 12:37:43'),(486,486,'Mantenimiento general',500.00,'2025-09-09 12:37:43'),(487,487,'Mantenimiento general',500.00,'2025-09-09 12:37:43'),(488,488,'Mantenimiento general',500.00,'2025-09-09 12:37:43'),(489,489,'Mantenimiento general',500.00,'2025-09-09 12:37:43'),(490,490,'Mantenimiento general',500.00,'2025-09-09 12:37:43'),(491,491,'Mantenimiento general',500.00,'2025-09-09 12:37:43'),(492,492,'Mantenimiento general',500.00,'2025-09-09 12:37:43'),(493,493,'Mantenimiento general',500.00,'2025-09-09 12:37:43'),(494,494,'Mantenimiento general',500.00,'2025-09-09 12:37:43'),(495,495,'Mantenimiento general',500.00,'2025-09-09 12:37:43'),(496,496,'Mantenimiento general',500.00,'2025-09-09 12:37:43'),(497,497,'Mantenimiento general',500.00,'2025-09-09 12:37:43'),(498,498,'Mantenimiento general',500.00,'2025-09-09 12:37:43'),(499,499,'Mantenimiento general',500.00,'2025-09-09 12:37:43'),(500,500,'Mantenimiento general',500.00,'2025-09-09 12:37:43'),(501,501,'Mantenimiento general',500.00,'2025-09-09 12:37:43'),(502,502,'Mantenimiento general',500.00,'2025-09-09 12:37:43'),(503,503,'Mantenimiento general',500.00,'2025-09-09 12:37:43'),(504,504,'Mantenimiento general',500.00,'2025-09-09 12:37:43'),(505,505,'Mantenimiento general',500.00,'2025-09-09 12:37:43'),(506,506,'Mantenimiento general',500.00,'2025-09-09 12:37:43'),(507,507,'Mantenimiento general',500.00,'2025-09-09 12:37:43'),(508,508,'Mantenimiento general',500.00,'2025-09-09 12:37:43'),(509,509,'Mantenimiento general',500.00,'2025-09-09 12:37:43'),(510,510,'Mantenimiento general',500.00,'2025-09-09 12:37:43'),(511,511,'Mantenimiento general',500.00,'2025-09-09 12:37:43'),(512,512,'Mantenimiento general',500.00,'2025-09-09 12:37:43'),(513,513,'Mantenimiento general',500.00,'2025-09-09 12:37:43'),(514,514,'Mantenimiento general',500.00,'2025-09-09 12:37:43'),(515,515,'Mantenimiento general',500.00,'2025-09-09 12:37:43'),(516,516,'Mantenimiento general',500.00,'2025-09-09 12:37:43'),(517,517,'Mantenimiento general',500.00,'2025-09-09 12:37:43'),(518,518,'Mantenimiento general',500.00,'2025-09-09 12:37:43'),(519,519,'Mantenimiento general',500.00,'2025-09-09 12:37:43'),(520,520,'Mantenimiento general',500.00,'2025-09-09 12:37:43'),(521,521,'Mantenimiento general',500.00,'2025-09-09 12:37:43'),(522,522,'Mantenimiento general',500.00,'2025-09-09 12:37:43'),(523,523,'Mantenimiento general',500.00,'2025-09-09 12:37:43'),(524,524,'Mantenimiento general',500.00,'2025-09-09 12:37:43'),(525,525,'Mantenimiento general',500.00,'2025-09-09 12:37:43'),(526,526,'Mantenimiento general',500.00,'2025-09-09 12:37:43'),(527,527,'Mantenimiento general',500.00,'2025-09-09 12:37:43'),(528,528,'Mantenimiento general',500.00,'2025-09-09 12:37:43'),(529,529,'Mantenimiento general',500.00,'2025-09-09 12:37:43'),(530,530,'Mantenimiento general',500.00,'2025-09-09 12:37:43'),(531,531,'Mantenimiento general',500.00,'2025-09-09 12:37:43'),(532,532,'Mantenimiento general',500.00,'2025-09-09 12:37:43'),(533,533,'Mantenimiento general',500.00,'2025-09-09 12:37:43'),(534,534,'Mantenimiento general',500.00,'2025-09-09 12:37:43'),(535,535,'Mantenimiento general',500.00,'2025-09-09 12:37:43'),(536,536,'Mantenimiento general',500.00,'2025-09-09 12:37:43'),(537,537,'Mantenimiento general',500.00,'2025-09-09 12:37:43'),(538,538,'Mantenimiento general',500.00,'2025-09-09 12:37:43'),(539,539,'Mantenimiento general',500.00,'2025-09-09 12:37:43'),(540,540,'Mantenimiento general',500.00,'2025-09-09 12:37:43'),(541,541,'Mantenimiento general',500.00,'2025-09-09 12:37:43'),(542,542,'Mantenimiento general',500.00,'2025-09-09 12:37:43'),(543,543,'Mantenimiento general',500.00,'2025-09-09 12:37:43'),(544,544,'Mantenimiento general',500.00,'2025-09-09 12:37:43'),(545,545,'Mantenimiento general',500.00,'2025-09-09 12:37:43'),(546,546,'Mantenimiento general',500.00,'2025-09-09 12:37:43'),(547,547,'Mantenimiento general',500.00,'2025-09-09 12:37:43'),(548,548,'Mantenimiento general',500.00,'2025-09-09 12:37:43'),(549,549,'Mantenimiento general',500.00,'2025-09-09 12:37:43'),(550,550,'Mantenimiento general',500.00,'2025-09-09 12:37:43'),(551,551,'Mantenimiento general',500.00,'2025-09-09 12:37:43'),(552,552,'Mantenimiento general',500.00,'2025-09-09 12:37:43'),(553,553,'Mantenimiento general',500.00,'2025-09-09 12:37:43'),(554,554,'Mantenimiento general',500.00,'2025-09-09 12:37:43'),(555,555,'Mantenimiento general',500.00,'2025-09-09 12:37:43'),(556,556,'Mantenimiento general',500.00,'2025-09-09 12:37:43'),(557,557,'Mantenimiento general',500.00,'2025-09-09 12:37:43'),(558,558,'Mantenimiento general',500.00,'2025-09-09 12:37:43'),(559,559,'Mantenimiento general',500.00,'2025-09-09 12:37:43'),(560,560,'Mantenimiento general',500.00,'2025-09-09 12:37:43'),(561,561,'Mantenimiento general',500.00,'2025-09-09 12:37:43'),(562,562,'Mantenimiento general',500.00,'2025-09-09 12:37:43'),(563,563,'Mantenimiento general',500.00,'2025-09-09 12:37:43'),(564,564,'Mantenimiento general',500.00,'2025-09-09 12:37:43'),(565,565,'Mantenimiento general',500.00,'2025-09-09 12:37:43'),(566,566,'Mantenimiento general',500.00,'2025-09-09 12:37:43'),(567,567,'Mantenimiento general',500.00,'2025-09-09 12:37:43'),(568,568,'Mantenimiento general',500.00,'2025-09-09 12:37:43'),(569,569,'Mantenimiento general',500.00,'2025-09-09 12:37:43'),(570,570,'Mantenimiento general',500.00,'2025-09-09 12:37:43'),(571,571,'Mantenimiento general',500.00,'2025-09-09 12:37:43'),(572,572,'Mantenimiento general',500.00,'2025-09-09 12:37:43'),(573,573,'Mantenimiento general',500.00,'2025-09-09 12:37:43'),(574,574,'Mantenimiento general',500.00,'2025-09-09 12:37:43'),(575,575,'Mantenimiento general',500.00,'2025-09-09 12:37:43'),(576,576,'Mantenimiento general',500.00,'2025-09-09 12:37:43'),(577,577,'Mantenimiento general',500.00,'2025-09-09 12:37:43'),(578,578,'Mantenimiento general',500.00,'2025-09-09 12:37:43'),(579,579,'Mantenimiento general',500.00,'2025-09-09 12:37:43'),(580,580,'Mantenimiento general',500.00,'2025-09-09 12:37:43'),(581,581,'Mantenimiento general',500.00,'2025-09-09 12:37:43'),(582,582,'Mantenimiento general',500.00,'2025-09-09 12:37:43'),(583,583,'Mantenimiento general',500.00,'2025-09-09 12:37:43'),(584,584,'Mantenimiento general',500.00,'2025-09-09 12:37:43'),(585,585,'Mantenimiento general',500.00,'2025-09-09 12:37:43'),(586,586,'Mantenimiento general',500.00,'2025-09-09 12:37:43'),(587,587,'Mantenimiento general',500.00,'2025-09-09 12:37:43'),(588,588,'Mantenimiento general',500.00,'2025-09-09 12:37:43'),(589,589,'Mantenimiento general',500.00,'2025-09-09 12:37:43'),(590,590,'Mantenimiento general',500.00,'2025-09-09 12:37:43'),(591,591,'Mantenimiento general',500.00,'2025-09-09 12:37:43'),(592,592,'Mantenimiento general',500.00,'2025-09-09 12:37:43'),(593,593,'Mantenimiento general',500.00,'2025-09-09 12:37:43'),(594,594,'Mantenimiento general',500.00,'2025-09-09 12:37:43'),(595,595,'Mantenimiento general',500.00,'2025-09-09 12:37:43'),(596,596,'Mantenimiento general',500.00,'2025-09-09 12:37:43'),(597,597,'Mantenimiento general',500.00,'2025-09-09 12:37:43'),(598,598,'Mantenimiento general',500.00,'2025-09-09 12:37:43'),(599,599,'Mantenimiento general',500.00,'2025-09-09 12:37:43'),(600,600,'Mantenimiento general',500.00,'2025-09-09 12:37:43'),(601,601,'Mantenimiento general',500.00,'2025-09-09 12:37:43'),(602,602,'Mantenimiento general',500.00,'2025-09-09 12:37:43'),(603,603,'Mantenimiento general',500.00,'2025-09-09 12:37:43'),(604,604,'Mantenimiento general',500.00,'2025-09-09 12:37:43'),(605,605,'Mantenimiento general',500.00,'2025-09-09 12:37:43'),(606,606,'Mantenimiento general',500.00,'2025-09-09 12:37:43'),(607,607,'Mantenimiento general',500.00,'2025-09-09 12:37:43'),(608,608,'Mantenimiento general',500.00,'2025-09-09 12:37:43'),(609,609,'Mantenimiento general',500.00,'2025-09-09 12:37:43'),(610,610,'Mantenimiento general',500.00,'2025-09-09 12:37:43'),(611,611,'Mantenimiento general',500.00,'2025-09-09 12:37:43'),(612,612,'Mantenimiento general',500.00,'2025-09-09 12:37:43'),(613,613,'Mantenimiento general',500.00,'2025-09-09 12:37:43'),(614,614,'Mantenimiento general',500.00,'2025-09-09 12:37:43'),(615,615,'Mantenimiento general',500.00,'2025-09-09 12:37:43'),(616,616,'Mantenimiento general',500.00,'2025-09-09 12:37:43'),(617,617,'Mantenimiento general',500.00,'2025-09-09 12:37:43'),(618,618,'Mantenimiento general',500.00,'2025-09-09 12:37:43'),(619,619,'Mantenimiento general',500.00,'2025-09-09 12:37:43'),(620,620,'Mantenimiento general',500.00,'2025-09-09 12:37:43'),(621,621,'Mantenimiento general',500.00,'2025-09-09 12:37:43'),(622,622,'Mantenimiento general',500.00,'2025-09-09 12:37:43'),(623,623,'Mantenimiento general',500.00,'2025-09-09 12:37:43'),(624,624,'Mantenimiento general',500.00,'2025-09-09 12:37:43'),(625,625,'Mantenimiento general',500.00,'2025-09-09 12:37:43'),(626,626,'Mantenimiento general',500.00,'2025-09-09 12:37:43'),(627,627,'Mantenimiento general',500.00,'2025-09-09 12:37:43'),(628,628,'Mantenimiento general',500.00,'2025-09-09 12:37:43'),(629,629,'Mantenimiento general',500.00,'2025-09-09 12:37:43'),(630,630,'Mantenimiento general',500.00,'2025-09-09 12:37:43'),(631,631,'Mantenimiento general',500.00,'2025-09-09 12:37:43'),(632,632,'Mantenimiento general',500.00,'2025-09-09 12:37:43'),(633,633,'Mantenimiento general',500.00,'2025-09-09 12:37:43'),(634,634,'Mantenimiento general',500.00,'2025-09-09 12:37:43'),(635,635,'Mantenimiento general',500.00,'2025-09-09 12:37:43'),(636,636,'Mantenimiento general',500.00,'2025-09-09 12:37:43'),(637,637,'Mantenimiento general',500.00,'2025-09-09 12:37:43'),(638,638,'Mantenimiento general',500.00,'2025-09-09 12:37:43'),(639,639,'Mantenimiento general',500.00,'2025-09-09 12:37:43'),(640,640,'Mantenimiento general',500.00,'2025-09-09 12:37:43'),(641,641,'Mantenimiento general',500.00,'2025-09-09 12:37:43'),(642,642,'Mantenimiento general',500.00,'2025-09-09 12:37:43'),(643,643,'Mantenimiento general',500.00,'2025-09-09 12:37:43'),(644,644,'Mantenimiento general',500.00,'2025-09-09 12:37:43'),(645,645,'Mantenimiento general',500.00,'2025-09-09 12:37:43'),(646,646,'Mantenimiento general',500.00,'2025-09-09 12:37:43'),(647,647,'Mantenimiento general',500.00,'2025-09-09 12:37:43'),(648,648,'Mantenimiento general',500.00,'2025-09-09 12:37:43'),(649,649,'Mantenimiento general',500.00,'2025-09-09 12:37:43'),(650,650,'Mantenimiento general',500.00,'2025-09-09 12:37:43'),(651,651,'Mantenimiento general',500.00,'2025-09-09 12:37:43'),(652,652,'Mantenimiento general',500.00,'2025-09-09 12:37:43'),(653,653,'Mantenimiento general',500.00,'2025-09-09 12:37:43'),(654,654,'Mantenimiento general',500.00,'2025-09-09 12:37:43'),(655,655,'Mantenimiento general',500.00,'2025-09-09 12:37:43'),(656,656,'Mantenimiento general',500.00,'2025-09-09 12:37:43'),(657,657,'Mantenimiento general',500.00,'2025-09-09 12:37:43'),(658,658,'Mantenimiento general',500.00,'2025-09-09 12:37:43'),(659,659,'Mantenimiento general',500.00,'2025-09-09 12:37:43'),(660,660,'Mantenimiento general',500.00,'2025-09-09 12:37:43'),(661,661,'Mantenimiento general',500.00,'2025-09-09 12:37:43'),(662,662,'Mantenimiento general',500.00,'2025-09-09 12:37:43'),(663,663,'Mantenimiento general',500.00,'2025-09-09 12:37:43'),(664,664,'Mantenimiento general',500.00,'2025-09-09 12:37:43'),(665,665,'Mantenimiento general',500.00,'2025-09-09 12:37:43'),(666,666,'Mantenimiento general',500.00,'2025-09-09 12:37:43'),(667,667,'Mantenimiento general',500.00,'2025-09-09 12:37:43'),(668,668,'Mantenimiento general',500.00,'2025-09-09 12:37:43'),(669,669,'Mantenimiento general',500.00,'2025-09-09 12:37:43'),(670,670,'Mantenimiento general',500.00,'2025-09-09 12:37:43'),(671,671,'Mantenimiento general',500.00,'2025-09-09 12:37:43'),(672,672,'Mantenimiento general',500.00,'2025-09-09 12:37:43'),(673,673,'Mantenimiento general',500.00,'2025-09-09 12:37:43'),(674,674,'Mantenimiento general',500.00,'2025-09-09 12:37:43'),(675,675,'Mantenimiento general',500.00,'2025-09-09 12:37:43'),(676,676,'Mantenimiento general',500.00,'2025-09-09 12:37:43'),(677,677,'Mantenimiento general',500.00,'2025-09-09 12:37:43'),(678,678,'Mantenimiento general',500.00,'2025-09-09 12:37:43'),(679,679,'Mantenimiento general',500.00,'2025-09-09 12:37:43'),(680,680,'Mantenimiento general',500.00,'2025-09-09 12:37:43'),(681,681,'Mantenimiento general',500.00,'2025-09-09 12:37:43'),(682,682,'Mantenimiento general',500.00,'2025-09-09 12:37:43'),(683,683,'Mantenimiento general',500.00,'2025-09-09 12:37:43'),(684,684,'Mantenimiento general',500.00,'2025-09-09 12:37:43'),(685,685,'Mantenimiento general',500.00,'2025-09-09 12:37:43'),(686,686,'Mantenimiento general',500.00,'2025-09-09 12:37:43'),(687,687,'Mantenimiento general',500.00,'2025-09-09 12:37:43'),(688,688,'Mantenimiento general',500.00,'2025-09-09 12:37:43'),(689,689,'Mantenimiento general',500.00,'2025-09-09 12:37:43'),(690,690,'Mantenimiento general',500.00,'2025-09-09 12:37:43'),(691,691,'Mantenimiento general',500.00,'2025-09-09 12:37:43'),(692,692,'Mantenimiento general',500.00,'2025-09-09 12:37:43'),(693,693,'Mantenimiento general',500.00,'2025-09-09 12:37:43'),(694,694,'Mantenimiento general',500.00,'2025-09-09 12:37:43'),(695,695,'Mantenimiento general',500.00,'2025-09-09 12:37:43'),(696,696,'Mantenimiento general',500.00,'2025-09-09 12:37:43'),(697,697,'Mantenimiento general',500.00,'2025-09-09 12:37:43'),(698,698,'Mantenimiento general',500.00,'2025-09-09 12:37:43'),(699,699,'Mantenimiento general',500.00,'2025-09-09 12:37:43'),(700,700,'Mantenimiento general',500.00,'2025-09-09 12:37:43'),(701,701,'Mantenimiento general',500.00,'2025-09-09 12:37:43'),(702,702,'Mantenimiento general',500.00,'2025-09-09 12:37:43'),(703,703,'Mantenimiento general',500.00,'2025-09-09 12:37:43'),(704,704,'Mantenimiento general',500.00,'2025-09-09 12:37:43'),(705,705,'Mantenimiento general',500.00,'2025-09-09 12:37:43'),(706,706,'Mantenimiento general',500.00,'2025-09-09 12:37:43'),(707,707,'Mantenimiento general',500.00,'2025-09-09 12:37:43'),(708,708,'Mantenimiento general',500.00,'2025-09-09 12:37:43'),(709,709,'Mantenimiento general',500.00,'2025-09-09 12:37:43'),(710,710,'Mantenimiento general',500.00,'2025-09-09 12:37:43'),(711,711,'Mantenimiento general',500.00,'2025-09-09 12:37:43'),(712,712,'Mantenimiento general',500.00,'2025-09-09 12:37:43'),(713,713,'Mantenimiento general',500.00,'2025-09-09 12:37:43'),(714,714,'Mantenimiento general',500.00,'2025-09-09 12:37:43'),(715,715,'Mantenimiento general',500.00,'2025-09-09 12:37:43'),(716,716,'Mantenimiento general',500.00,'2025-09-09 12:37:43'),(717,717,'Mantenimiento general',500.00,'2025-09-09 12:37:43'),(718,718,'Mantenimiento general',500.00,'2025-09-09 12:37:43'),(719,719,'Mantenimiento general',500.00,'2025-09-09 12:37:43'),(720,720,'Mantenimiento general',500.00,'2025-09-09 12:37:43'),(1054,1,'Reparacion ascensor',500.00,'2025-09-09 15:11:00');
/*!40000 ALTER TABLE `gastos_detallados` ENABLE KEYS */;
UNLOCK TABLES;
/*!50003 SET @saved_cs_client      = @@character_set_client */ ;
/*!50003 SET @saved_cs_results     = @@character_set_results */ ;
/*!50003 SET @saved_col_connection = @@collation_connection */ ;
/*!50003 SET character_set_client  = utf8mb4 */ ;
/*!50003 SET character_set_results = utf8mb4 */ ;
/*!50003 SET collation_connection  = utf8mb4_0900_ai_ci */ ;
/*!50003 SET @saved_sql_mode       = @@sql_mode */ ;
/*!50003 SET sql_mode              = 'ONLY_FULL_GROUP_BY,STRICT_TRANS_TABLES,NO_ZERO_IN_DATE,NO_ZERO_DATE,ERROR_FOR_DIVISION_BY_ZERO,NO_ENGINE_SUBSTITUTION' */ ;
DELIMITER ;;
/*!50003 CREATE*/ /*!50017 DEFINER=`root`@`localhost`*/ /*!50003 TRIGGER `trg_actualizar_total_expensas` AFTER INSERT ON `gastos_detallados` FOR EACH ROW BEGIN
    UPDATE expensas e
    SET e.monto_extra = COALESCE(e.monto_extra,0) + NEW.monto,
        e.deuda = e.monto + COALESCE(e.monto_extra,0)
    WHERE e.id_expensa = NEW.id_expensa;
END */;;
DELIMITER ;
/*!50003 SET sql_mode              = @saved_sql_mode */ ;
/*!50003 SET character_set_client  = @saved_cs_client */ ;
/*!50003 SET character_set_results = @saved_cs_results */ ;
/*!50003 SET collation_connection  = @saved_col_connection */ ;

--
-- Table structure for table `inquilinos_generales`
--

DROP TABLE IF EXISTS `inquilinos_generales`;
/*!40101 SET @saved_cs_client     = @@character_set_client */;
/*!50503 SET character_set_client = utf8mb4 */;
CREATE TABLE `inquilinos_generales` (
  `id_inquilino` int NOT NULL AUTO_INCREMENT,
  `tipo_inquilino` enum('PERMANENTE','TEMPORAL') NOT NULL,
  `nombre` varchar(50) NOT NULL,
  `apellido` varchar(50) NOT NULL,
  `email` varchar(150) NOT NULL,
  `telefono` varchar(20) DEFAULT NULL,
  `documento` varchar(10) NOT NULL,
  `fecha_nacimiento` date NOT NULL,
  PRIMARY KEY (`id_inquilino`),
  UNIQUE KEY `email` (`email`),
  UNIQUE KEY `documento` (`documento`)
) ENGINE=InnoDB AUTO_INCREMENT=26 DEFAULT CHARSET=utf8mb4 COLLATE=utf8mb4_0900_ai_ci;
/*!40101 SET character_set_client = @saved_cs_client */;

--
-- Dumping data for table `inquilinos_generales`
--

LOCK TABLES `inquilinos_generales` WRITE;
/*!40000 ALTER TABLE `inquilinos_generales` DISABLE KEYS */;
INSERT INTO `inquilinos_generales` VALUES (1,'TEMPORAL','Lucas','Gomez','lucas.gomez@example.com','1145678901','12345678','1990-04-15'),(2,'TEMPORAL','Mariana','Perez','mariana.perez@example.com','1167890123','23456789','1985-08-20'),(3,'TEMPORAL','Sofia','Martinez','sofia.martinez@example.com','1154321098','34567890','1992-11-30'),(4,'TEMPORAL','Diego','Rodriguez','diego.rodriguez@example.com','1143210987','45678901','1988-02-10'),(5,'TEMPORAL','Camila','Fernandez','camila.fernandez@example.com','1176543210','56789012','1995-07-25'),(6,'TEMPORAL','Javier','Lopez','javier.lopez@example.com','1145987654','67890123','1987-05-18'),(7,'TEMPORAL','Valentina','Sanchez','valentina.sanchez@example.com','1156789012','78901234','1993-09-05'),(8,'TEMPORAL','Matias','Diaz','matias.diaz@example.com','1165432109','89012345','1991-12-22'),(9,'TEMPORAL','Florencia','Torres','florencia.torres@example.com','1147654321','90123456','1989-03-14'),(10,'TEMPORAL','Martin','Castro','martin.castro@example.com','1178901234','12345012','1986-07-30'),(11,'TEMPORAL','Natalia','Ruiz','natalia.ruiz@example.com','1154321987','23456023','1994-11-11'),(12,'TEMPORAL','Federico','Morales','federico.morales@example.com','1167894321','34567034','1990-01-01'),(13,'TEMPORAL','Paula','Jimenez','paula.jimenez@example.com','1143217654','45678045','1988-06-19'),(14,'TEMPORAL','Agustin','Alvarez','agustin.alvarez@example.com','1176549870','56789056','1992-10-25'),(15,'TEMPORAL','Laura','Gonzalez','laura.gonzalez@example.com','1156784321','67890067','1991-04-08'),(16,'TEMPORAL','Sebastian','Herrera','sebastian.herrera@example.com','1165439876','78901078','1987-08-16'),(17,'TEMPORAL','Andrea','Vargas','andrea.vargas@example.com','1147659870','89012089','1993-02-27'),(18,'TEMPORAL','Nicolas','Mendoza','nicolas.mendoza@example.com','1178906543','90123090','1985-12-05'),(19,'TEMPORAL','Carolina','Diaz','carolina.diaz@example.com','1154327654','12345011','1990-09-17'),(20,'TEMPORAL','Gonzalo','Ortiz','gonzalo.ortiz@example.com','1167893210','23456022','1989-01-30'),(21,'TEMPORAL','Juliana','Silva','juliana.silva@example.com','1143219876','34567033','1994-05-22'),(22,'TEMPORAL','Ezequiel','Ramirez','ezequiel.ramirez@example.com','1176541234','45678044','1988-11-09'),(23,'TEMPORAL','Melina','Rojas','melina.rojas@example.com','1156789876','56789055','1992-07-03'),(24,'TEMPORAL','Lucas','Fernandez','lucas.fernandez@example.com','1165437654','67890066','1991-03-28'),(25,'TEMPORAL','Victoria','Mora','victoria.mora@example.com','1147654320','78901077','1987-06-12');
/*!40000 ALTER TABLE `inquilinos_generales` ENABLE KEYS */;
UNLOCK TABLES;

--
-- Table structure for table `propietarios`
--

DROP TABLE IF EXISTS `propietarios`;
/*!40101 SET @saved_cs_client     = @@character_set_client */;
/*!50503 SET character_set_client = utf8mb4 */;
CREATE TABLE `propietarios` (
  `id_propietario` int NOT NULL AUTO_INCREMENT,
  `nombre` varchar(50) NOT NULL,
  `apellido` varchar(50) NOT NULL,
  `email` varchar(150) NOT NULL,
  `telefono` varchar(20) NOT NULL,
  `dni` int NOT NULL,
  `ciudad` varchar(30) NOT NULL,
  PRIMARY KEY (`id_propietario`),
  UNIQUE KEY `email` (`email`),
  UNIQUE KEY `dni` (`dni`)
) ENGINE=InnoDB AUTO_INCREMENT=83 DEFAULT CHARSET=utf8mb4 COLLATE=utf8mb4_0900_ai_ci;
/*!40101 SET character_set_client = @saved_cs_client */;

--
-- Dumping data for table `propietarios`
--

LOCK TABLES `propietarios` WRITE;
/*!40000 ALTER TABLE `propietarios` DISABLE KEYS */;
INSERT INTO `propietarios` VALUES (1,'Juan','Pérez','juan.perez@example.com','343-555-1001',30123456,'Parana'),(2,'María','Gómez','maria.gomez@example.com','343-555-1002',30123457,'Parana'),(3,'Carlos','Fernández','carlos.fernandez@example.com','343-555-1003',30123458,'Parana'),(4,'Laura','Martínez','laura.martinez@example.com','343-555-1004',30123459,'Parana'),(5,'Luis','Rodríguez','luis.rodriguez@example.com','343-555-1005',30123460,'Parana'),(6,'Ana','López','ana.lopez@example.com','343-555-1006',30123461,'Parana'),(7,'Diego','Silva','diego.silva@example.com','343-555-1007',30123462,'Parana'),(8,'Sofía','Ruiz','sofia.ruiz@example.com','343-555-1008',30123463,'Parana'),(9,'Pablo','Torres','pablo.torres@example.com','343-555-1009',30123464,'Parana'),(10,'Valeria','Sánchez','valeria.sanchez@example.com','343-555-1010',30123465,'Parana'),(11,'Hernán','Domínguez','hernan.dominguez@example.com','343-555-1011',30123466,'Parana'),(12,'Gabriela','Castro','gabriela.castro@example.com','343-555-1012',30123467,'Parana'),(13,'Andrés','Molina','andres.molina@example.com','343-555-1013',30123468,'Parana'),(14,'Natalia','Ortega','natalia.ortega@example.com','343-555-1014',30123469,'Parana'),(15,'Ricardo','Herrera','ricardo.herrera@example.com','343-555-1015',30123470,'Parana'),(16,'Martín','Cabrera','martin.cabrera@example.com','341-555-2001',31123456,'Rosario'),(17,'Florencia','Ramos','florencia.ramos@example.com','341-555-2002',31123457,'Rosario'),(18,'Federico','Romero','federico.romero@example.com','341-555-2003',31123458,'Rosario'),(19,'Lucía','Acosta','lucia.acosta@example.com','341-555-2004',31123459,'Rosario'),(20,'Emiliano','Méndez','emiliano.mendez@example.com','341-555-2005',31123460,'Rosario'),(21,'Paula','Aguilar','paula.aguilar@example.com','341-555-2006',31123461,'Rosario'),(22,'Julián','Blanco','julian.blanco@example.com','341-555-2007',31123462,'Rosario'),(23,'Camila','García','camila.garcia@example.com','341-555-2008',31123463,'Rosario'),(24,'Esteban','Moreno','esteban.moreno@example.com','341-555-2009',31123464,'Rosario'),(25,'Micaela','Ponce','micaela.ponce@example.com','341-555-2010',31123465,'Rosario'),(26,'Gonzalo','Vega','gonzalo.vega@example.com','341-555-2011',31123466,'Rosario'),(27,'Julieta','Ibarra','julieta.ibarra@example.com','341-555-2012',31123467,'Rosario'),(28,'Agustín','Figueroa','agustin.figueroa@example.com','341-555-2013',31123468,'Rosario'),(29,'Cecilia','Navarro','cecilia.navarro@example.com','341-555-2014',31123469,'Rosario'),(30,'Mariano','Peralta','mariano.peralta@example.com','341-555-2015',31123470,'Rosario'),(31,'Romina','Villalba','romina.villalba@example.com','341-555-2016',31123471,'Rosario'),(32,'Matías','Soria','matias.soria@example.com','341-555-2017',31123472,'Rosario'),(33,'Antonella','Campos','antonella.campos@example.com','341-555-2018',31123473,'Rosario'),(34,'Ezequiel','Arias','ezequiel.arias@example.com','341-555-2019',31123474,'Rosario'),(35,'Pilar','Godoy','pilar.godoy@example.com','341-555-2020',31123475,'Rosario'),(36,'Leonardo','Benítez','leonardo.benitez@example.com','341-555-2021',31123476,'Rosario'),(37,'Milagros','Luna','milagros.luna@example.com','341-555-2022',31123477,'Rosario'),(38,'Franco','Cáceres','franco.caceres@example.com','341-555-2023',31123478,'Rosario'),(39,'Daiana','Correa','daiana.correa@example.com','341-555-2024',31123479,'Rosario'),(40,'Iván','Cruz','ivan.cruz@example.com','341-555-2025',31123480,'Rosario'),(41,'Noelia','Paz','noelia.paz@example.com','341-555-2026',31123481,'Rosario'),(42,'Santiago','Salas','santiago.salas@example.com','341-555-2027',31123482,'Rosario'),(43,'Lourdes','Delgado','lourdes.delgado@example.com','341-555-2028',31123483,'Rosario'),(44,'Patricio','Maldonado','patricio.maldonado@example.com','341-555-2029',31123484,'Rosario'),(45,'Vanesa','Ojeda','vanesa.ojeda@example.com','341-555-2030',31123485,'Rosario'),(46,'Tomás','Guzmán','tomas.guzman@example.com','341-555-2031',31123486,'Rosario'),(47,'Carolina','Ferreyra','carolina.ferreyra@example.com','341-555-2032',31123487,'Rosario'),(48,'Rodrigo','Varela','rodrigo.varela@example.com','341-555-2033',31123488,'Rosario'),(49,'Bárbara','Palacios','barbara.palacios@example.com','341-555-2034',31123489,'Rosario'),(50,'Marcos','Paredes','marcos.paredes@example.com','341-555-2035',31123490,'Rosario'),(51,'Luciano','Montes','luciano.montes@example.com','11-555-3001',32123456,'Buenos Aires'),(52,'Carla','Pereyra','carla.pereyra@example.com','11-555-3002',32123457,'Buenos Aires'),(53,'Bruno','Leiva','bruno.leiva@example.com','11-555-3003',32123458,'Buenos Aires'),(54,'Melina','Vargas','melina.vargas@example.com','11-555-3004',32123459,'Buenos Aires'),(55,'Nahuel','Morales','nahuel.morales@example.com','11-555-3005',32123460,'Buenos Aires'),(56,'Ailén','Roldán','ailen.roldan@example.com','11-555-3006',32123461,'Buenos Aires'),(57,'Rodrigo','Espinoza','rodrigo.espinoza@example.com','11-555-3007',32123462,'Buenos Aires'),(58,'Gisela','Moya','gisela.moya@example.com','11-555-3008',32123463,'Buenos Aires'),(59,'Kevin','Alonso','kevin.alonso@example.com','11-555-3009',32123464,'Buenos Aires'),(60,'Priscila','Ortiz','priscila.ortiz@example.com','11-555-3010',32123465,'Buenos Aires'),(61,'Matheo','Paredes','matheo.paredes@example.com','11-555-3011',32123466,'Buenos Aires'),(62,'Magalí','Soto','magali.soto@example.com','11-555-3012',32123467,'Buenos Aires'),(63,'Gustavo','Villalobos','gustavo.villalobos@example.com','11-555-3013',32123468,'Buenos Aires'),(64,'Selena','Bustamante','selena.bustamante@example.com','11-555-3014',32123469,'Buenos Aires'),(65,'Alejandro','Saavedra','alejandro.saavedra@example.com','11-555-3015',32123470,'Buenos Aires'),(66,'Rocío','Del Valle','rocio.delvalle@example.com','11-555-3016',32123471,'Buenos Aires'),(67,'Maximiliano','Funes','maximiliano.funes@example.com','11-555-3017',32123472,'Buenos Aires'),(68,'Celeste','Bravo','celeste.bravo@example.com','11-555-3018',32123473,'Buenos Aires'),(69,'Joaquín','Olivera','joaquin.olivera@example.com','11-555-3019',32123474,'Buenos Aires'),(70,'Candela','Moreno','candela.moreno@example.com','11-555-3020',32123475,'Buenos Aires'),(71,'Elías','Pizarro','elias.pizarro@example.com','11-555-3021',32123476,'Buenos Aires'),(72,'Marina','Rosales','marina.rosales@example.com','11-555-3022',32123477,'Buenos Aires'),(73,'Francesco','Quiroga','francesco.quiroga@example.com','11-555-3023',32123478,'Buenos Aires'),(74,'Tamara','Godoy','tamara.godoy@example.com','11-555-3024',32123479,'Buenos Aires'),(75,'Cristian','Maidana','cristian.maidana@example.com','11-555-3025',32123480,'Buenos Aires'),(76,'Malena','Vega','malena.vega@example.com','11-555-3026',32123481,'Buenos Aires'),(77,'Lucas','Ocampo','lucas.ocampo@example.com','11-555-3027',32123482,'Buenos Aires'),(78,'Ariana','Cabrera','ariana.cabrera@example.com','11-555-3028',32123483,'Buenos Aires'),(79,'Nicolás','Medina','nicolas.medina@example.com','11-555-3029',32123484,'Buenos Aires'),(80,'Daiana','Páez','daiana.paez@example.com','11-555-3030',32123485,'Buenos Aires'),(81,'Emanuel','Coronel','emanuel.coronel@example.com','11-555-3031',32123486,'Buenos Aires'),(82,'Carina','Ávila','carina.avila@example.com','11-555-3032',32123487,'Buenos Aires');
/*!40000 ALTER TABLE `propietarios` ENABLE KEYS */;
UNLOCK TABLES;

--
-- Table structure for table `usuarios`
--

DROP TABLE IF EXISTS `usuarios`;
/*!40101 SET @saved_cs_client     = @@character_set_client */;
/*!50503 SET character_set_client = utf8mb4 */;
CREATE TABLE `usuarios` (
  `id_usuario` int NOT NULL AUTO_INCREMENT,
  `nombre_usuario` varchar(50) NOT NULL,
  `password_usuario` varchar(200) NOT NULL,
  `rol` enum('ADMINISTRADOR','OPERADOR','CONTADOR') NOT NULL,
  `fecha_creacion` timestamp NULL DEFAULT CURRENT_TIMESTAMP,
  PRIMARY KEY (`id_usuario`),
  UNIQUE KEY `nombre_usuario` (`nombre_usuario`)
) ENGINE=InnoDB AUTO_INCREMENT=4 DEFAULT CHARSET=utf8mb4 COLLATE=utf8mb4_0900_ai_ci;
/*!40101 SET character_set_client = @saved_cs_client */;

--
-- Dumping data for table `usuarios`
--

LOCK TABLES `usuarios` WRITE;
/*!40000 ALTER TABLE `usuarios` DISABLE KEYS */;
INSERT INTO `usuarios` VALUES (1,'administrador1','admin123','ADMINISTRADOR','2025-09-20 21:17:55'),(2,'operador1','operador123','OPERADOR','2025-09-20 21:17:55'),(3,'contador1','contador123','CONTADOR','2025-09-20 21:17:55');
/*!40000 ALTER TABLE `usuarios` ENABLE KEYS */;
UNLOCK TABLES;

--
-- Temporary view structure for view `vista_alquileres_activos`
--

DROP TABLE IF EXISTS `vista_alquileres_activos`;
/*!50001 DROP VIEW IF EXISTS `vista_alquileres_activos`*/;
SET @saved_cs_client     = @@character_set_client;
/*!50503 SET character_set_client = utf8mb4 */;
/*!50001 CREATE VIEW `vista_alquileres_activos` AS SELECT 
 1 AS `id_alquiler`,
 1 AS `id_depto`,
 1 AS `inquilino_nombre`,
 1 AS `inquilino_apellido`,
 1 AS `fecha_inicio`,
 1 AS `fecha_fin`,
 1 AS `monto_diario`,
 1 AS `gastos_mantenimiento`*/;
SET character_set_client = @saved_cs_client;

--
-- Temporary view structure for view `vista_contratos_activos`
--

DROP TABLE IF EXISTS `vista_contratos_activos`;
/*!50001 DROP VIEW IF EXISTS `vista_contratos_activos`*/;
SET @saved_cs_client     = @@character_set_client;
/*!50503 SET character_set_client = utf8mb4 */;
/*!50001 CREATE VIEW `vista_contratos_activos` AS SELECT 
 1 AS `id_contrato`,
 1 AS `inquilino`,
 1 AS `id_depto`,
 1 AS `piso`,
 1 AS `numero_depto`,
 1 AS `fecha_inicio`,
 1 AS `fecha_fin`,
 1 AS `estado`*/;
SET character_set_client = @saved_cs_client;

--
-- Temporary view structure for view `vista_deptos_disponibles`
--

DROP TABLE IF EXISTS `vista_deptos_disponibles`;
/*!50001 DROP VIEW IF EXISTS `vista_deptos_disponibles`*/;
SET @saved_cs_client     = @@character_set_client;
/*!50503 SET character_set_client = utf8mb4 */;
/*!50001 CREATE VIEW `vista_deptos_disponibles` AS SELECT 
 1 AS `id_depto`,
 1 AS `nombre`,
 1 AS `ciudad`,
 1 AS `piso`,
 1 AS `numero`*/;
SET character_set_client = @saved_cs_client;

--
-- Temporary view structure for view `vista_expensas_pendientes`
--

DROP TABLE IF EXISTS `vista_expensas_pendientes`;
/*!50001 DROP VIEW IF EXISTS `vista_expensas_pendientes`*/;
SET @saved_cs_client     = @@character_set_client;
/*!50503 SET character_set_client = utf8mb4 */;
/*!50001 CREATE VIEW `vista_expensas_pendientes` AS SELECT 
 1 AS `id_expensa`,
 1 AS `id_depto`,
 1 AS `propietario_nombre`,
 1 AS `propietario_apellido`,
 1 AS `mes`,
 1 AS `anio`,
 1 AS `monto`,
 1 AS `monto_extra`,
 1 AS `deuda`*/;
SET character_set_client = @saved_cs_client;

--
-- Temporary view structure for view `vista_gastos_expensas`
--

DROP TABLE IF EXISTS `vista_gastos_expensas`;
/*!50001 DROP VIEW IF EXISTS `vista_gastos_expensas`*/;
SET @saved_cs_client     = @@character_set_client;
/*!50503 SET character_set_client = utf8mb4 */;
/*!50001 CREATE VIEW `vista_gastos_expensas` AS SELECT 
 1 AS `id_expensa`,
 1 AS `id_depto`,
 1 AS `descripcion`,
 1 AS `monto_gasto`,
 1 AS `fecha_gasto`,
 1 AS `monto_base`,
 1 AS `monto_extra`,
 1 AS `deuda`*/;
SET character_set_client = @saved_cs_client;

--
-- Temporary view structure for view `vista_ingresos_por_edificio`
--

DROP TABLE IF EXISTS `vista_ingresos_por_edificio`;
/*!50001 DROP VIEW IF EXISTS `vista_ingresos_por_edificio`*/;
SET @saved_cs_client     = @@character_set_client;
/*!50503 SET character_set_client = utf8mb4 */;
/*!50001 CREATE VIEW `vista_ingresos_por_edificio` AS SELECT 
 1 AS `nombre`,
 1 AS `ciudad`,
 1 AS `total_expensas`,
 1 AS `total_alquileres`,
 1 AS `total_ingresos`*/;
SET character_set_client = @saved_cs_client;

--
-- Temporary view structure for view `vista_propietarios_deptos`
--

DROP TABLE IF EXISTS `vista_propietarios_deptos`;
/*!50001 DROP VIEW IF EXISTS `vista_propietarios_deptos`*/;
SET @saved_cs_client     = @@character_set_client;
/*!50503 SET character_set_client = utf8mb4 */;
/*!50001 CREATE VIEW `vista_propietarios_deptos` AS SELECT 
 1 AS `id_propietario`,
 1 AS `propietario`,
 1 AS `id_depto`,
 1 AS `piso`,
 1 AS `numero`,
 1 AS `nombre`,
 1 AS `ciudad`*/;
SET character_set_client = @saved_cs_client;

--
-- Dumping events for database 'inmobiliaria'
--

--
-- Dumping routines for database 'inmobiliaria'
--
/*!50003 DROP FUNCTION IF EXISTS `calcular_dias_alquiler` */;
/*!50003 SET @saved_cs_client      = @@character_set_client */ ;
/*!50003 SET @saved_cs_results     = @@character_set_results */ ;
/*!50003 SET @saved_col_connection = @@collation_connection */ ;
/*!50003 SET character_set_client  = utf8mb4 */ ;
/*!50003 SET character_set_results = utf8mb4 */ ;
/*!50003 SET collation_connection  = utf8mb4_0900_ai_ci */ ;
/*!50003 SET @saved_sql_mode       = @@sql_mode */ ;
/*!50003 SET sql_mode              = 'ONLY_FULL_GROUP_BY,STRICT_TRANS_TABLES,NO_ZERO_IN_DATE,NO_ZERO_DATE,ERROR_FOR_DIVISION_BY_ZERO,NO_ENGINE_SUBSTITUTION' */ ;
DELIMITER ;;
CREATE DEFINER=`root`@`localhost` FUNCTION `calcular_dias_alquiler`(
    p_id_alquiler INT
) RETURNS int
    DETERMINISTIC
BEGIN
    DECLARE dias INT;

    SELECT DATEDIFF(a.fecha_fin, a.fecha_inicio) + 1
    INTO dias
    FROM alquileres a
    INNER JOIN inquilinos_generales i ON a.id_inquilino = i.id_inquilino
    WHERE a.id_alquiler = p_id_alquiler
      AND i.tipo_inquilino = 'TEMPORAL';  -- Solo considera alquileres temporales

    RETURN dias;
END ;;
DELIMITER ;
/*!50003 SET sql_mode              = @saved_sql_mode */ ;
/*!50003 SET character_set_client  = @saved_cs_client */ ;
/*!50003 SET character_set_results = @saved_cs_results */ ;
/*!50003 SET collation_connection  = @saved_col_connection */ ;
/*!50003 DROP FUNCTION IF EXISTS `calcular_monto_expensa_total` */;
/*!50003 SET @saved_cs_client      = @@character_set_client */ ;
/*!50003 SET @saved_cs_results     = @@character_set_results */ ;
/*!50003 SET @saved_col_connection = @@collation_connection */ ;
/*!50003 SET character_set_client  = utf8mb4 */ ;
/*!50003 SET character_set_results = utf8mb4 */ ;
/*!50003 SET collation_connection  = utf8mb4_0900_ai_ci */ ;
/*!50003 SET @saved_sql_mode       = @@sql_mode */ ;
/*!50003 SET sql_mode              = 'ONLY_FULL_GROUP_BY,STRICT_TRANS_TABLES,NO_ZERO_IN_DATE,NO_ZERO_DATE,ERROR_FOR_DIVISION_BY_ZERO,NO_ENGINE_SUBSTITUTION' */ ;
DELIMITER ;;
CREATE DEFINER=`root`@`localhost` FUNCTION `calcular_monto_expensa_total`(
    p_id_depto INT, 
    p_mes INT, 
    p_anio INT
) RETURNS decimal(10,2)
    DETERMINISTIC
BEGIN
    DECLARE total DECIMAL(10,2);

    SELECT 
        e.monto + IFNULL(e.monto_extra,0) + IFNULL(SUM(g.monto),0)
    INTO total
    FROM expensas e
    LEFT JOIN gastos_detallados g ON e.id_expensa = g.id_expensa
    WHERE e.id_depto = p_id_depto
      AND e.mes = p_mes
      AND e.anio = p_anio
    GROUP BY e.id_expensa;

    RETURN total;
END ;;
DELIMITER ;
/*!50003 SET sql_mode              = @saved_sql_mode */ ;
/*!50003 SET character_set_client  = @saved_cs_client */ ;
/*!50003 SET character_set_results = @saved_cs_results */ ;
/*!50003 SET collation_connection  = @saved_col_connection */ ;
/*!50003 DROP PROCEDURE IF EXISTS `sp_actualizar_estado_pago` */;
/*!50003 SET @saved_cs_client      = @@character_set_client */ ;
/*!50003 SET @saved_cs_results     = @@character_set_results */ ;
/*!50003 SET @saved_col_connection = @@collation_connection */ ;
/*!50003 SET character_set_client  = utf8mb4 */ ;
/*!50003 SET character_set_results = utf8mb4 */ ;
/*!50003 SET collation_connection  = utf8mb4_0900_ai_ci */ ;
/*!50003 SET @saved_sql_mode       = @@sql_mode */ ;
/*!50003 SET sql_mode              = 'ONLY_FULL_GROUP_BY,STRICT_TRANS_TABLES,NO_ZERO_IN_DATE,NO_ZERO_DATE,ERROR_FOR_DIVISION_BY_ZERO,NO_ENGINE_SUBSTITUTION' */ ;
DELIMITER ;;
CREATE DEFINER=`root`@`localhost` PROCEDURE `sp_actualizar_estado_pago`(
    IN p_id_depto INT,
    IN p_mes INT,
    IN p_anio INT,
    IN p_pagado BOOLEAN,
    IN p_fecha_pago DATE
)
BEGIN
    UPDATE expensas
    SET pagado = p_pagado,
        fecha_pago = p_fecha_pago
    WHERE id_depto = p_id_depto
      AND mes = p_mes
      AND anio = p_anio;
END ;;
DELIMITER ;
/*!50003 SET sql_mode              = @saved_sql_mode */ ;
/*!50003 SET character_set_client  = @saved_cs_client */ ;
/*!50003 SET character_set_results = @saved_cs_results */ ;
/*!50003 SET collation_connection  = @saved_col_connection */ ;
/*!50003 DROP PROCEDURE IF EXISTS `sp_agregar_expensa` */;
/*!50003 SET @saved_cs_client      = @@character_set_client */ ;
/*!50003 SET @saved_cs_results     = @@character_set_results */ ;
/*!50003 SET @saved_col_connection = @@collation_connection */ ;
/*!50003 SET character_set_client  = utf8mb4 */ ;
/*!50003 SET character_set_results = utf8mb4 */ ;
/*!50003 SET collation_connection  = utf8mb4_0900_ai_ci */ ;
/*!50003 SET @saved_sql_mode       = @@sql_mode */ ;
/*!50003 SET sql_mode              = 'ONLY_FULL_GROUP_BY,STRICT_TRANS_TABLES,NO_ZERO_IN_DATE,NO_ZERO_DATE,ERROR_FOR_DIVISION_BY_ZERO,NO_ENGINE_SUBSTITUTION' */ ;
DELIMITER ;;
CREATE DEFINER=`root`@`localhost` PROCEDURE `sp_agregar_expensa`(
    IN p_id_depto INT,
    IN p_mes INT,
    IN p_anio INT,
    IN p_monto DECIMAL(10,2),
    IN p_monto_extra DECIMAL(10,2),
    IN p_fecha_pago DATE)
BEGIN
    INSERT INTO expensas(id_depto, mes, anio, monto, monto_extra, deuda, fecha_pago, pagado)
    VALUES (p_id_depto, p_mes, p_anio, p_monto, p_monto_extra, 0.00, p_fecha_pago, FALSE);
END ;;
DELIMITER ;
/*!50003 SET sql_mode              = @saved_sql_mode */ ;
/*!50003 SET character_set_client  = @saved_cs_client */ ;
/*!50003 SET character_set_results = @saved_cs_results */ ;
/*!50003 SET collation_connection  = @saved_col_connection */ ;
/*!50003 DROP PROCEDURE IF EXISTS `sp_generar_reporte_expensas` */;
/*!50003 SET @saved_cs_client      = @@character_set_client */ ;
/*!50003 SET @saved_cs_results     = @@character_set_results */ ;
/*!50003 SET @saved_col_connection = @@collation_connection */ ;
/*!50003 SET character_set_client  = utf8mb4 */ ;
/*!50003 SET character_set_results = utf8mb4 */ ;
/*!50003 SET collation_connection  = utf8mb4_0900_ai_ci */ ;
/*!50003 SET @saved_sql_mode       = @@sql_mode */ ;
/*!50003 SET sql_mode              = 'ONLY_FULL_GROUP_BY,STRICT_TRANS_TABLES,NO_ZERO_IN_DATE,NO_ZERO_DATE,ERROR_FOR_DIVISION_BY_ZERO,NO_ENGINE_SUBSTITUTION' */ ;
DELIMITER ;;
CREATE DEFINER=`root`@`localhost` PROCEDURE `sp_generar_reporte_expensas`(
    IN p_mes INT,
    IN p_anio INT
)
BEGIN
    SELECT 
        d.id_depto,
        e.nombre_edificio,
        d.piso,
        d.numero,
        e.ciudad,
        ex.monto + IFNULL(ex.monto_extra, 0) + IFNULL(SUM(g.monto), 0) AS total_expensa
    FROM expensas ex
    INNER JOIN departamentos d ON ex.id_depto = d.id_depto
    INNER JOIN edificios e ON d.id_edificio = e.id_edificio
    LEFT JOIN gastos_detallados g ON ex.id_expensa = g.id_expensa
    WHERE ex.mes = p_mes AND ex.anio = p_anio
    GROUP BY ex.id_expensa;
END ;;
DELIMITER ;
/*!50003 SET sql_mode              = @saved_sql_mode */ ;
/*!50003 SET character_set_client  = @saved_cs_client */ ;
/*!50003 SET character_set_results = @saved_cs_results */ ;
/*!50003 SET collation_connection  = @saved_col_connection */ ;
/*!50003 DROP PROCEDURE IF EXISTS `sp_registrar_alquiler` */;
/*!50003 SET @saved_cs_client      = @@character_set_client */ ;
/*!50003 SET @saved_cs_results     = @@character_set_results */ ;
/*!50003 SET @saved_col_connection = @@collation_connection */ ;
/*!50003 SET character_set_client  = utf8mb4 */ ;
/*!50003 SET character_set_results = utf8mb4 */ ;
/*!50003 SET collation_connection  = utf8mb4_0900_ai_ci */ ;
/*!50003 SET @saved_sql_mode       = @@sql_mode */ ;
/*!50003 SET sql_mode              = 'ONLY_FULL_GROUP_BY,STRICT_TRANS_TABLES,NO_ZERO_IN_DATE,NO_ZERO_DATE,ERROR_FOR_DIVISION_BY_ZERO,NO_ENGINE_SUBSTITUTION' */ ;
DELIMITER ;;
CREATE DEFINER=`root`@`localhost` PROCEDURE `sp_registrar_alquiler`(
    IN p_id_depto INT,
    IN p_id_inquilino INT,
    IN p_fecha_inicio DATE,
    IN p_fecha_fin DATE,
    IN p_monto_diario DECIMAL(10,2))
BEGIN
    DECLARE total INT;

    -- Verifico si está disponible
    SELECT COUNT(*) INTO total
    FROM alquileres
    WHERE id_depto = p_id_depto
      AND ((p_fecha_inicio BETWEEN fecha_inicio AND fecha_fin) OR (p_fecha_fin BETWEEN fecha_inicio AND fecha_fin));

    IF total = 0 THEN
        INSERT INTO alquileres(id_depto, id_inquilino, fecha_inicio, fecha_fin, monto_diario, gastos_mantenimiento)
        VALUES (p_id_depto, p_id_inquilino, p_fecha_inicio, p_fecha_fin, p_monto_diario, 0.00);
    ELSE
        SIGNAL SQLSTATE '45000' SET MESSAGE_TEXT = 'Departamento no disponible en esas fechas';
    END IF;
END ;;
DELIMITER ;
/*!50003 SET sql_mode              = @saved_sql_mode */ ;
/*!50003 SET character_set_client  = @saved_cs_client */ ;
/*!50003 SET character_set_results = @saved_cs_results */ ;
/*!50003 SET collation_connection  = @saved_col_connection */ ;

--
-- Final view structure for view `vista_alquileres_activos`
--

/*!50001 DROP VIEW IF EXISTS `vista_alquileres_activos`*/;
/*!50001 SET @saved_cs_client          = @@character_set_client */;
/*!50001 SET @saved_cs_results         = @@character_set_results */;
/*!50001 SET @saved_col_connection     = @@collation_connection */;
/*!50001 SET character_set_client      = utf8mb4 */;
/*!50001 SET character_set_results     = utf8mb4 */;
/*!50001 SET collation_connection      = utf8mb4_0900_ai_ci */;
/*!50001 CREATE ALGORITHM=UNDEFINED */
/*!50013 DEFINER=`root`@`localhost` SQL SECURITY DEFINER */
/*!50001 VIEW `vista_alquileres_activos` AS select `a`.`id_alquiler` AS `id_alquiler`,`d`.`id_depto` AS `id_depto`,`i`.`nombre` AS `inquilino_nombre`,`i`.`apellido` AS `inquilino_apellido`,`a`.`fecha_inicio` AS `fecha_inicio`,`a`.`fecha_fin` AS `fecha_fin`,`a`.`monto_diario` AS `monto_diario`,`a`.`gastos_mantenimiento` AS `gastos_mantenimiento` from ((`alquileres` `a` join `departamentos` `d` on((`a`.`id_depto` = `d`.`id_depto`))) join `inquilinos_generales` `i` on((`a`.`id_inquilino` = `i`.`id_inquilino`))) where (curdate() between `a`.`fecha_inicio` and `a`.`fecha_fin`) */;
/*!50001 SET character_set_client      = @saved_cs_client */;
/*!50001 SET character_set_results     = @saved_cs_results */;
/*!50001 SET collation_connection      = @saved_col_connection */;

--
-- Final view structure for view `vista_contratos_activos`
--

/*!50001 DROP VIEW IF EXISTS `vista_contratos_activos`*/;
/*!50001 SET @saved_cs_client          = @@character_set_client */;
/*!50001 SET @saved_cs_results         = @@character_set_results */;
/*!50001 SET @saved_col_connection     = @@collation_connection */;
/*!50001 SET character_set_client      = utf8mb4 */;
/*!50001 SET character_set_results     = utf8mb4 */;
/*!50001 SET collation_connection      = utf8mb4_0900_ai_ci */;
/*!50001 CREATE ALGORITHM=UNDEFINED */
/*!50013 DEFINER=`root`@`localhost` SQL SECURITY DEFINER */
/*!50001 VIEW `vista_contratos_activos` AS select `c`.`id_contrato` AS `id_contrato`,concat(`i`.`nombre`,' ',`i`.`apellido`) AS `inquilino`,`d`.`id_depto` AS `id_depto`,`d`.`piso` AS `piso`,`d`.`numero` AS `numero_depto`,`c`.`fecha_inicio` AS `fecha_inicio`,`c`.`fecha_fin` AS `fecha_fin`,(case when (curdate() between `c`.`fecha_inicio` and `c`.`fecha_fin`) then 'Activo' else 'Vencido' end) AS `estado` from ((`contratos` `c` join `inquilinos_generales` `i` on((`c`.`id_inquilino` = `i`.`id_inquilino`))) join `departamentos` `d` on((`c`.`id_depto` = `d`.`id_depto`))) */;
/*!50001 SET character_set_client      = @saved_cs_client */;
/*!50001 SET character_set_results     = @saved_cs_results */;
/*!50001 SET collation_connection      = @saved_col_connection */;

--
-- Final view structure for view `vista_deptos_disponibles`
--

/*!50001 DROP VIEW IF EXISTS `vista_deptos_disponibles`*/;
/*!50001 SET @saved_cs_client          = @@character_set_client */;
/*!50001 SET @saved_cs_results         = @@character_set_results */;
/*!50001 SET @saved_col_connection     = @@collation_connection */;
/*!50001 SET character_set_client      = utf8mb4 */;
/*!50001 SET character_set_results     = utf8mb4 */;
/*!50001 SET collation_connection      = utf8mb4_0900_ai_ci */;
/*!50001 CREATE ALGORITHM=UNDEFINED */
/*!50013 DEFINER=`root`@`localhost` SQL SECURITY DEFINER */
/*!50001 VIEW `vista_deptos_disponibles` AS select `d`.`id_depto` AS `id_depto`,`e`.`nombre` AS `nombre`,`e`.`ciudad` AS `ciudad`,`d`.`piso` AS `piso`,`d`.`numero` AS `numero` from (`departamentos` `d` join `edificios` `e` on((`d`.`id_edificio` = `e`.`id_edificio`))) where `d`.`id_depto` in (select `a`.`id_depto` from (`alquileres` `a` join `inquilinos_generales` `i` on((`a`.`id_inquilino` = `i`.`id_inquilino`))) where ((`i`.`tipo_inquilino` = 'TEMPORAL') and (curdate() between `a`.`fecha_inicio` and `a`.`fecha_fin`))) is false */;
/*!50001 SET character_set_client      = @saved_cs_client */;
/*!50001 SET character_set_results     = @saved_cs_results */;
/*!50001 SET collation_connection      = @saved_col_connection */;

--
-- Final view structure for view `vista_expensas_pendientes`
--

/*!50001 DROP VIEW IF EXISTS `vista_expensas_pendientes`*/;
/*!50001 SET @saved_cs_client          = @@character_set_client */;
/*!50001 SET @saved_cs_results         = @@character_set_results */;
/*!50001 SET @saved_col_connection     = @@collation_connection */;
/*!50001 SET character_set_client      = utf8mb4 */;
/*!50001 SET character_set_results     = utf8mb4 */;
/*!50001 SET collation_connection      = utf8mb4_0900_ai_ci */;
/*!50001 CREATE ALGORITHM=UNDEFINED */
/*!50013 DEFINER=`root`@`localhost` SQL SECURITY DEFINER */
/*!50001 VIEW `vista_expensas_pendientes` AS select `e`.`id_expensa` AS `id_expensa`,`d`.`id_depto` AS `id_depto`,`p`.`nombre` AS `propietario_nombre`,`p`.`apellido` AS `propietario_apellido`,`e`.`mes` AS `mes`,`e`.`anio` AS `anio`,`e`.`monto` AS `monto`,`e`.`monto_extra` AS `monto_extra`,`e`.`deuda` AS `deuda` from ((`expensas` `e` join `departamentos` `d` on((`e`.`id_depto` = `d`.`id_depto`))) join `propietarios` `p` on((`d`.`id_propietario` = `p`.`id_propietario`))) where (`e`.`pagado` = false) */;
/*!50001 SET character_set_client      = @saved_cs_client */;
/*!50001 SET character_set_results     = @saved_cs_results */;
/*!50001 SET collation_connection      = @saved_col_connection */;

--
-- Final view structure for view `vista_gastos_expensas`
--

/*!50001 DROP VIEW IF EXISTS `vista_gastos_expensas`*/;
/*!50001 SET @saved_cs_client          = @@character_set_client */;
/*!50001 SET @saved_cs_results         = @@character_set_results */;
/*!50001 SET @saved_col_connection     = @@collation_connection */;
/*!50001 SET character_set_client      = utf8mb4 */;
/*!50001 SET character_set_results     = utf8mb4 */;
/*!50001 SET collation_connection      = utf8mb4_0900_ai_ci */;
/*!50001 CREATE ALGORITHM=UNDEFINED */
/*!50013 DEFINER=`root`@`localhost` SQL SECURITY DEFINER */
/*!50001 VIEW `vista_gastos_expensas` AS select `e`.`id_expensa` AS `id_expensa`,`d`.`id_depto` AS `id_depto`,`g`.`descripcion` AS `descripcion`,`g`.`monto` AS `monto_gasto`,`g`.`fecha` AS `fecha_gasto`,`e`.`monto` AS `monto_base`,`e`.`monto_extra` AS `monto_extra`,`e`.`deuda` AS `deuda` from ((`expensas` `e` join `departamentos` `d` on((`e`.`id_depto` = `d`.`id_depto`))) left join `gastos_detallados` `g` on((`e`.`id_expensa` = `g`.`id_expensa`))) */;
/*!50001 SET character_set_client      = @saved_cs_client */;
/*!50001 SET character_set_results     = @saved_cs_results */;
/*!50001 SET collation_connection      = @saved_col_connection */;

--
-- Final view structure for view `vista_ingresos_por_edificio`
--

/*!50001 DROP VIEW IF EXISTS `vista_ingresos_por_edificio`*/;
/*!50001 SET @saved_cs_client          = @@character_set_client */;
/*!50001 SET @saved_cs_results         = @@character_set_results */;
/*!50001 SET @saved_col_connection     = @@collation_connection */;
/*!50001 SET character_set_client      = utf8mb4 */;
/*!50001 SET character_set_results     = utf8mb4 */;
/*!50001 SET collation_connection      = utf8mb4_0900_ai_ci */;
/*!50001 CREATE ALGORITHM=UNDEFINED */
/*!50013 DEFINER=`root`@`localhost` SQL SECURITY DEFINER */
/*!50001 VIEW `vista_ingresos_por_edificio` AS select `ed`.`nombre` AS `nombre`,`ed`.`ciudad` AS `ciudad`,sum(((`e`.`monto` + `e`.`monto_extra`) - `e`.`deuda`)) AS `total_expensas`,sum(((`a`.`monto_diario` * (to_days(`a`.`fecha_fin`) - to_days(`a`.`fecha_inicio`))) + `a`.`gastos_mantenimiento`)) AS `total_alquileres`,(sum(((`e`.`monto` + `e`.`monto_extra`) - `e`.`deuda`)) + sum(((`a`.`monto_diario` * (to_days(`a`.`fecha_fin`) - to_days(`a`.`fecha_inicio`))) + `a`.`gastos_mantenimiento`))) AS `total_ingresos` from (((`edificios` `ed` left join `departamentos` `d` on((`ed`.`id_edificio` = `d`.`id_edificio`))) left join `expensas` `e` on((`d`.`id_depto` = `e`.`id_depto`))) left join `alquileres` `a` on((`d`.`id_depto` = `a`.`id_depto`))) group by `ed`.`id_edificio`,`ed`.`nombre`,`ed`.`ciudad` */;
/*!50001 SET character_set_client      = @saved_cs_client */;
/*!50001 SET character_set_results     = @saved_cs_results */;
/*!50001 SET collation_connection      = @saved_col_connection */;

--
-- Final view structure for view `vista_propietarios_deptos`
--

/*!50001 DROP VIEW IF EXISTS `vista_propietarios_deptos`*/;
/*!50001 SET @saved_cs_client          = @@character_set_client */;
/*!50001 SET @saved_cs_results         = @@character_set_results */;
/*!50001 SET @saved_col_connection     = @@collation_connection */;
/*!50001 SET character_set_client      = utf8mb4 */;
/*!50001 SET character_set_results     = utf8mb4 */;
/*!50001 SET collation_connection      = utf8mb4_0900_ai_ci */;
/*!50001 CREATE ALGORITHM=UNDEFINED */
/*!50013 DEFINER=`root`@`localhost` SQL SECURITY DEFINER */
/*!50001 VIEW `vista_propietarios_deptos` AS select `p`.`id_propietario` AS `id_propietario`,concat(`p`.`nombre`,' ',`p`.`apellido`) AS `propietario`,`d`.`id_depto` AS `id_depto`,`d`.`piso` AS `piso`,`d`.`numero` AS `numero`,`e`.`nombre` AS `nombre`,`e`.`ciudad` AS `ciudad` from ((`propietarios` `p` join `departamentos` `d` on((`p`.`id_propietario` = `d`.`id_propietario`))) join `edificios` `e` on((`d`.`id_edificio` = `e`.`id_edificio`))) */;
/*!50001 SET character_set_client      = @saved_cs_client */;
/*!50001 SET character_set_results     = @saved_cs_results */;
/*!50001 SET collation_connection      = @saved_col_connection */;
/*!40103 SET TIME_ZONE=@OLD_TIME_ZONE */;

/*!40101 SET SQL_MODE=@OLD_SQL_MODE */;
/*!40014 SET FOREIGN_KEY_CHECKS=@OLD_FOREIGN_KEY_CHECKS */;
/*!40014 SET UNIQUE_CHECKS=@OLD_UNIQUE_CHECKS */;
/*!40101 SET CHARACTER_SET_CLIENT=@OLD_CHARACTER_SET_CLIENT */;
/*!40101 SET CHARACTER_SET_RESULTS=@OLD_CHARACTER_SET_RESULTS */;
/*!40101 SET COLLATION_CONNECTION=@OLD_COLLATION_CONNECTION */;
/*!40111 SET SQL_NOTES=@OLD_SQL_NOTES */;

-- Dump completed on 2025-09-20 20:29:06
